m,pct_0,n,op_1_count,op_0_count,op_1_pct,op_0_pct,op_1_avg_degree,op_0_avg_degree,global_avg,discrepancy
1,0.05,1000.0,950.0,50.0,95.0,5.0,1.4970736842105261,11.5156,0.610291988483909,-0.3397080115160909
1,0.1,1000.0,900.0,100.0,90.0,10.0,1.3398444444444444,7.9214,0.46719510820873755,-0.4328048917912624
1,0.15,1000.0,850.0,150.0,85.0,15.0,1.2395882352941177,6.295666666666667,0.3730550914977184,-0.4769449085022815
1,0.2,1000.0,800.0,200.0,80.0,20.0,1.1678625,5.31855,0.3056820654027478,-0.49431793459725226
1,0.25,1000.0,750.0,250.0,75.0,25.0,1.1119466666666666,4.65616,0.25386867395091445,-0.49613132604908555
1,0.3,1000.0,700.0,300.0,70.0,30.0,1.0493999999999999,4.2114,0.19721029382239835,-0.5027897061776015
1,0.35,1000.0,650.0,350.0,65.0,35.0,1.0002307692307693,3.8510000000000004,0.1528489803777095,-0.49715101962229047
1,0.4,1000.0,600.0,400.0,60.0,40.0,1.0,3.495,0.14642884003221124,-0.45357115996778874
1,0.45,1000.0,550.0,450.0,55.00000000000001,45.0,1.0,3.2177777777777776,0.13737669805624772,-0.4126233019437524
2,0.05,1000.0,950.0,50.0,95.0,5.0,3.125515789473684,20.4552,0.6905850796326688,-0.2594149203673312
2,0.1,1000.0,900.0,100.0,90.0,10.0,2.845722222222222,14.308499999999999,0.5684562558129277,-0.33154374418707233
2,0.15,1000.0,850.0,150.0,85.0,15.0,2.6498470588235294,11.597533333333333,0.47591223516069625,-0.3740877648393037
2,0.2,1000.0,800.0,200.0,80.0,20.0,2.514275,9.902899999999999,0.40878308203944336,-0.39121691796055663
2,0.25,1000.0,750.0,250.0,75.0,25.0,2.40864,8.74208,0.35730690657957354,-0.39269309342042646
2,0.3,1000.0,700.0,300.0,70.0,30.0,2.2941285714285713,7.9537,0.29888949512597984,-0.4011105048740201
2,0.35,1000.0,650.0,350.0,65.0,35.0,2.2367538461538463,7.251742857142857,0.2682262033740859,-0.38177379662591415
2,0.4,1000.0,600.0,400.0,60.0,40.0,2.1678333333333333,6.72825,0.23254171070290977,-0.3674582892970902
2,0.45,1000.0,550.0,450.0,55.00000000000001,45.0,2.095890909090909,6.309466666666667,0.19671131754302165,-0.3532886824569784
3,0.05,1000.0,950.0,50.0,95.0,5.0,4.775473684210526,28.906,0.7239848367154452,-0.2260151632845547
3,0.1,1000.0,900.0,100.0,90.0,10.0,4.368222222222222,20.506,0.6080874689889292,-0.29191253101107084
3,0.15,1000.0,850.0,150.0,85.0,15.0,4.094352941176471,16.678666666666665,0.5230301731777542,-0.32696982682224573
3,0.2,1000.0,800.0,200.0,80.0,20.0,3.8877625,14.35895,0.454837532504793,-0.345162467495207
3,0.25,1000.0,750.0,250.0,75.0,25.0,3.7259866666666666,12.750039999999998,0.39919857017170485,-0.35080142982829515
3,0.3,1000.0,700.0,300.0,70.0,30.0,3.577028571428572,11.593599999999999,0.3466064990258762,-0.3533935009741237
3,0.35,1000.0,650.0,350.0,65.0,35.0,3.466,10.654571428571428,0.3069539312874985,-0.3430460687125015
3,0.4,1000.0,600.0,400.0,60.0,40.0,3.3436333333333335,9.93955,0.26238043595021865,-0.3376195640497814
3,0.45,1000.0,550.0,450.0,55.00000000000001,45.0,3.2750545454545454,9.29048888888889,0.23536943087055828,-0.31463056912944176
4,0.05,1000.0,950.0,50.0,95.0,5.0,6.436052631578948,37.075,0.7424016047624264,-0.2075983952375735
4,0.1,1000.0,900.0,100.0,90.0,10.0,5.902166666666667,26.5605,0.6299683450162314,-0.2700316549837686
4,0.15,1000.0,850.0,150.0,85.0,15.0,5.537999999999999,21.738000000000003,0.5460220852336022,-0.3039779147663978
4,0.2,1000.0,800.0,200.0,80.0,20.0,5.2727125,18.74915,0.4802913644300542,-0.3197086355699459
4,0.25,1000.0,750.0,250.0,75.0,25.0,5.0598,16.6926,0.42474793355049095,-0.32525206644950905
4,0.3,1000.0,700.0,300.0,70.0,30.0,4.871271428571429,15.1937,0.3738280069344279,-0.3261719930655721
4,0.35,1000.0,650.0,350.0,65.0,35.0,4.702092307692308,14.033257142857142,0.32697182756930865,-0.3230281724306914
4,0.4,1000.0,600.0,400.0,60.0,40.0,4.5745499999999995,13.058175,0.29072042992391345,-0.30927957007608653
4,0.45,1000.0,550.0,450.0,55.00000000000001,45.0,4.444654545454545,12.27431111111111,0.2534232731204693,-0.2965767268795307
5,0.05,1000.0,950.0,50.0,95.0,5.0,8.112136842105263,44.8694,0.755848620757384,-0.194151379242616
5,0.1,1000.0,900.0,100.0,90.0,10.0,7.429988888888889,32.6301,0.6424273435652664,-0.2575726564347336
5,0.15,1000.0,850.0,150.0,85.0,15.0,6.993200000000001,26.7052,0.5616035740985141,-0.28839642590148584
5,0.2,1000.0,800.0,200.0,80.0,20.0,6.661525,23.1039,0.4960439817127212,-0.30395601828727886
5,0.25,1000.0,750.0,250.0,75.0,25.0,6.385133333333333,20.6446,0.43834188819370434,-0.31165811180629566
5,0.3,1000.0,700.0,300.0,70.0,30.0,6.164428571428572,18.783,0.38980177640343155,-0.31019822359656835
5,0.35,1000.0,650.0,350.0,65.0,35.0,5.9613538461538464,17.357485714285716,0.3439665643823795,-0.30603343561762053
5,0.4,1000.0,600.0,400.0,60.0,40.0,5.792233333333334,16.18665,0.30446956127760066,-0.2955304387223993
5,0.45,1000.0,550.0,450.0,55.00000000000001,45.0,5.6425090909090905,15.214711111111113,0.2689204285630932,-0.2810795714369069
6,0.05,1000.0,950.0,50.0,95.0,5.0,9.779031578947368,52.7584,0.7634694566926541,-0.18653054330734584
6,0.1,1000.0,900.0,100.0,90.0,10.0,8.975855555555555,38.4973,0.6532675808342269,-0.24673241916577318
6,0.15,1000.0,850.0,150.0,85.0,15.0,8.442929411764705,31.67673333333333,0.5717288331073432,-0.2782711668926568
6,0.2,1000.0,800.0,200.0,80.0,20.0,8.055237499999999,27.419050000000002,0.5072466119336105,-0.2927533880663895
6,0.25,1000.0,750.0,250.0,75.0,25.0,7.734306666666666,24.509079999999997,0.45118376361960566,-0.29881623638039434
6,0.3,1000.0,700.0,300.0,70.0,30.0,7.449,22.379,0.39947459418408804,-0.3005254058159119
6,0.35,1000.0,650.0,350.0,65.0,35.0,7.232984615384615,20.647314285714288,0.35731176268440556,-0.29268823731559446
6,0.4,1000.0,600.0,400.0,60.0,40.0,7.021216666666667,19.288175000000003,0.315464837179478,-0.28453516282052194
6,0.45,1000.0,550.0,450.0,55.00000000000001,45.0,6.834363636363636,18.153555555555556,0.27791538163450147,-0.2720846183654986
7,0.05,1000.0,950.0,50.0,95.0,5.0,11.462684210526316,60.248999999999995,0.7709264677742689,-0.17907353222573108
7,0.1,1000.0,900.0,100.0,90.0,10.0,10.525233333333333,44.2929,0.6615043142737516,-0.23849568572624846
7,0.15,1000.0,850.0,150.0,85.0,15.0,9.910176470588235,36.522333333333336,0.5808514137882635,-0.26914858621173643
7,0.2,1000.0,800.0,200.0,80.0,20.0,9.4418375,31.742649999999998,0.514994047168535,-0.28500595283146507
7,0.25,1000.0,750.0,250.0,75.0,25.0,9.081173333333334,28.36448,0.45986310300434385,-0.29013689699565615
7,0.3,1000.0,700.0,300.0,70.0,30.0,8.761657142857143,25.89613333333333,0.40983020599843856,-0.29016979400156145
7,0.35,1000.0,650.0,350.0,65.0,35.0,8.486184615384616,23.959942857142856,0.364458541486399,-0.285541458513601
7,0.4,1000.0,600.0,400.0,60.0,40.0,8.248483333333333,22.382275,0.3238283825612463,-0.27617161743875374
7,0.45,1000.0,550.0,450.0,55.00000000000001,45.0,8.034509090909092,21.07337777777778,0.28604165044317403,-0.263958349556826
8,0.05,1000.0,950.0,50.0,95.0,5.0,13.14443157894737,67.6958,0.7762657659081167,-0.1737342340918833
8,0.1,1000.0,900.0,100.0,90.0,10.0,12.079366666666667,50.0057,0.667899591967876,-0.23210040803212412
8,0.15,1000.0,850.0,150.0,85.0,15.0,11.376235294117649,41.348,0.5878693893970881,-0.2621306106029119
8,0.2,1000.0,800.0,200.0,80.0,20.0,10.83365,36.0254,0.5209230678382674,-0.2790769321617327
8,0.25,1000.0,750.0,250.0,75.0,25.0,10.423599999999999,32.2172,0.46615608226178756,-0.2838439177382124
8,0.3,1000.0,700.0,300.0,70.0,30.0,10.056799999999999,29.4408,0.4153479948577832,-0.2846520051422168
8,0.35,1000.0,650.0,350.0,65.0,35.0,9.743692307692307,27.25314285714286,0.3702403886879304,-0.2797596113120696
8,0.4,1000.0,600.0,400.0,60.0,40.0,9.470633333333332,25.474050000000002,0.3289561702756384,-0.27104382972436164
8,0.45,1000.0,550.0,450.0,55.00000000000001,45.0,9.2304,23.98951111111111,0.2917457484836318,-0.25825425151636827
9,0.05,1000.0,950.0,50.0,95.0,5.0,14.837694736842105,74.8438,0.7812904438491931,-0.16870955615080682
9,0.1,1000.0,900.0,100.0,90.0,10.0,13.635055555555555,55.6645,0.6733070015267799,-0.2266929984732201
9,0.15,1000.0,850.0,150.0,85.0,15.0,12.847105882352942,46.119733333333336,0.5937702390502525,-0.2562297609497475
9,0.2,1000.0,800.0,200.0,80.0,20.0,12.2552875,40.16885,0.5286025818238839,-0.27139741817611623
9,0.25,1000.0,750.0,250.0,75.0,25.0,11.757426666666667,36.07972,0.4704001127532546,-0.27959988724674534
9,0.3,1000.0,700.0,300.0,70.0,30.0,11.363342857142857,32.94553333333333,0.42149800388151726,-0.2785019961184827
9,0.35,1000.0,650.0,350.0,65.0,35.0,11.014276923076922,30.51062857142857,0.3761829798176665,-0.2738170201823335
9,0.4,1000.0,600.0,400.0,60.0,40.0,10.70545,28.536825,0.3349845323054092,-0.2650154676945908
9,0.45,1000.0,550.0,450.0,55.00000000000001,45.0,10.443727272727271,26.875444444444444,0.29751710631202183,-0.2524828936879782
10,0.05,1000.0,950.0,50.0,95.0,5.0,16.556378947368422,81.4288,0.786776039375372,-0.16322396062462802
10,0.1,1000.0,900.0,100.0,90.0,10.0,15.202766666666667,61.1751,0.6786106417264292,-0.22138935827357087
10,0.15,1000.0,850.0,150.0,85.0,15.0,14.325317647058823,50.8232,0.5990386307945706,-0.25096136920542933
10,0.2,1000.0,800.0,200.0,80.0,20.0,13.657825,44.3687,0.5332058330214188,-0.26679416697858127
10,0.25,1000.0,750.0,250.0,75.0,25.0,13.121213333333333,39.83636,0.4764876896161902,-0.27351231038380974
10,0.3,1000.0,700.0,300.0,70.0,30.0,12.666271428571429,36.44536666666667,0.4256672940719454,-0.2743327059280546
10,0.35,1000.0,650.0,350.0,65.0,35.0,12.277015384615385,33.771257142857145,0.38053601153579786,-0.26946398846420216
10,0.4,1000.0,600.0,400.0,60.0,40.0,11.940283333333333,31.589575,0.3391935547736238,-0.26080644522637614
10,0.45,1000.0,550.0,450.0,55.00000000000001,45.0,11.6394,29.774066666666666,0.3007228261742651,-0.24927717382573494
11,0.05,1000.0,950.0,50.0,95.0,5.0,18.240652631578946,88.58760000000001,0.7896750447167759,-0.16032495528322407
11,0.1,1000.0,900.0,100.0,90.0,10.0,16.764133333333334,66.7028,0.6824113958106307,-0.21758860418936937
11,0.15,1000.0,850.0,150.0,85.0,15.0,15.790682352941175,55.5728,0.6023921512415686,-0.24760784875843136
11,0.2,1000.0,800.0,200.0,80.0,20.0,15.061675000000001,48.5433,0.5367940071844004,-0.2632059928155997
11,0.25,1000.0,750.0,250.0,75.0,25.0,14.4646,43.6382,0.47977896305353324,-0.27022103694646676
11,0.3,1000.0,700.0,300.0,70.0,30.0,13.983357142857141,39.89883333333333,0.4304852699944427,-0.2695147300055572
11,0.35,1000.0,650.0,350.0,65.0,35.0,13.551907692307694,36.997885714285715,0.3846131379314096,-0.26538686206859047
11,0.4,1000.0,600.0,400.0,60.0,40.0,13.168733333333334,34.6419,0.34232230180369716,-0.2576776981963028
11,0.45,1000.0,550.0,450.0,55.00000000000001,45.0,12.831600000000002,32.66804444444445,0.3037659128840915,-0.24623408711590855
12,0.05,1000.0,950.0,50.0,95.0,5.0,19.960873684210526,94.9834,0.7940542454254776,-0.15594575457452237
12,0.1,1000.0,900.0,100.0,90.0,10.0,18.345744444444446,72.0083,0.6869484958732479,-0.213051504126752
12,0.15,1000.0,850.0,150.0,85.0,15.0,17.278188235294117,60.17026666666666,0.6066565296882996,-0.24334347031170028
12,0.2,1000.0,800.0,200.0,80.0,20.0,16.4654375,52.69825,0.5403369487579898,-0.2596630512420102
12,0.25,1000.0,750.0,250.0,75.0,25.0,15.826666666666668,47.368,0.48379190395099286,-0.2662080960490072
12,0.3,1000.0,700.0,300.0,70.0,30.0,15.280328571428573,43.3859,0.43316197620582636,-0.2668380237941736
12,0.35,1000.0,650.0,350.0,65.0,35.0,14.823846153846155,40.21857142857143,0.3876513717684718,-0.26234862823152816
12,0.4,1000.0,600.0,400.0,60.0,40.0,14.41605,37.655925,0.3462093641032195,-0.25379063589678047
12,0.45,1000.0,550.0,450.0,55.00000000000001,45.0,14.059163636363637,35.50991111111111,0.3080731475343622,-0.24192685246563783
13,0.05,1000.0,950.0,50.0,95.0,5.0,21.671631578947366,101.479,0.7972251423561986,-0.15277485764380147
13,0.1,1000.0,900.0,100.0,90.0,10.0,19.904177777777775,77.4824,0.6891811353039469,-0.21081886469605307
13,0.15,1000.0,850.0,150.0,85.0,15.0,18.763023529411765,64.75619999999999,0.6101334402160399,-0.23986655978396015
13,0.2,1000.0,800.0,200.0,80.0,20.0,17.87385,56.8146,0.5432071407972511,-0.25679285920274897
13,0.25,1000.0,750.0,250.0,75.0,25.0,17.178533333333334,51.1124,0.4865515184619742,-0.2634484815380258
13,0.3,1000.0,700.0,300.0,70.0,30.0,16.58907142857143,46.832166666666666,0.4360558800102224,-0.2639441199897775
13,0.35,1000.0,650.0,350.0,65.0,35.0,16.091353846153847,43.436057142857145,0.3906068383533137,-0.2593931616466863
13,0.4,1000.0,600.0,400.0,60.0,40.0,15.649466666666667,40.6808,0.3488825416832422,-0.2511174583167578
13,0.45,1000.0,550.0,450.0,55.00000000000001,45.0,15.262709090909091,38.37224444444445,0.3100692103998014,-0.23993078960019862
14,0.05,1000.0,950.0,50.0,95.0,5.0,23.391778947368422,107.71620000000001,0.8006830543912328,-0.14931694560876718
14,0.1,1000.0,900.0,100.0,90.0,10.0,21.47141111111111,82.8373,0.6916759804404868,-0.20832401955951313
14,0.15,1000.0,850.0,150.0,85.0,15.0,20.23510588235294,69.38773333333333,0.6125657053745099,-0.23743429462549004
14,0.2,1000.0,800.0,200.0,80.0,20.0,19.29465,60.8614,0.5465618398749191,-0.2534381601250809
14,0.25,1000.0,750.0,250.0,75.0,25.0,18.53948,54.813559999999995,0.4898983941129113,-0.2601016058870887
14,0.3,1000.0,700.0,300.0,70.0,30.0,17.899514285714286,50.26113333333333,0.4386103037018156,-0.26138969629818437
14,0.35,1000.0,650.0,350.0,65.0,35.0,17.35869230769231,46.642428571428574,0.3930220221908715,-0.25697797780912857
14,0.4,1000.0,600.0,400.0,60.0,40.0,16.87895,43.701575000000005,0.35083518562267,-0.24916481437732999
14,0.45,1000.0,550.0,450.0,55.00000000000001,45.0,16.457727272727272,41.236111111111114,0.3122558244751212,-0.23774417552487886
15,0.05,1000.0,950.0,50.0,95.0,5.0,25.118242105263157,113.7534,0.803572517406036,-0.14642748259396388
15,0.1,1000.0,900.0,100.0,90.0,10.0,23.07306666666667,87.8424,0.6958855918408138,-0.2041144081591863
15,0.15,1000.0,850.0,150.0,85.0,15.0,21.716341176470586,73.94073333333334,0.6148871735100527,-0.23511282648994722
15,0.2,1000.0,800.0,200.0,80.0,20.0,20.716237500000002,64.88505,0.5495526670861396,-0.2504473329138604
15,0.25,1000.0,750.0,250.0,75.0,25.0,19.898986666666666,58.50304,0.49232730640345834,-0.25767269359654166
15,0.3,1000.0,700.0,300.0,70.0,30.0,19.217457142857143,53.65926666666666,0.44142999029492197,-0.25857000970507804
15,0.35,1000.0,650.0,350.0,65.0,35.0,18.638199999999998,49.81477142857143,0.39555940836922104,-0.254440591630779
15,0.4,1000.0,600.0,400.0,60.0,40.0,18.133533333333332,46.6747,0.35390198237762877,-0.24609801762237127
15,0.45,1000.0,550.0,450.0,55.00000000000001,45.0,17.671090909090907,44.068666666666665,0.3142194934808411,-0.23578050651915894
16,0.05,1000.0,950.0,50.0,95.0,5.0,26.836484210526315,119.8668,0.8064667596407032,-0.1435332403592967
16,0.1,1000.0,900.0,100.0,90.0,10.0,24.64602222222222,93.0658,0.697907987831709,-0.2020920121682911
16,0.15,1000.0,850.0,150.0,85.0,15.0,23.21741176470588,78.35466666666666,0.6184071784593091,-0.23159282154069083
16,0.2,1000.0,800.0,200.0,80.0,20.0,22.143762499999998,68.86495,0.552540773907443,-0.24745922609255708
16,0.25,1000.0,750.0,250.0,75.0,25.0,21.27552,62.12544,0.4952897937074803,-0.2547102062925197
16,0.3,1000.0,700.0,300.0,70.0,30.0,20.54115714285714,57.030633333333334,0.4441171477807724,-0.2558828522192275
16,0.35,1000.0,650.0,350.0,65.0,35.0,19.89713846153846,53.01388571428571,0.3969394502097198,-0.2530605497902802
16,0.4,1000.0,600.0,400.0,60.0,40.0,19.363383333333335,49.674925,0.35535105624157476,-0.24464894375842522
16,0.45,1000.0,550.0,450.0,55.00000000000001,45.0,18.884,46.89288888888889,0.3164903287500953,-0.23350967124990477
17,0.05,1000.0,950.0,50.0,95.0,5.0,28.58081052631579,125.40460000000002,0.8093901539443003,-0.1406098460556997
17,0.1,1000.0,900.0,100.0,90.0,10.0,26.261455555555553,97.8669,0.7018039159671531,-0.1981960840328469
17,0.15,1000.0,850.0,150.0,85.0,15.0,24.708576470588238,82.79806666666667,0.6206485595623221,-0.22935144043767783
17,0.2,1000.0,800.0,200.0,80.0,20.0,23.559524999999997,72.87190000000001,0.5546639211445141,-0.24533607885548595
17,0.25,1000.0,750.0,250.0,75.0,25.0,22.627426666666665,65.80572000000001,0.4970536100923146,-0.2529463899076854
17,0.3,1000.0,700.0,300.0,70.0,30.0,21.841228571428573,60.4438,0.4454306566743618,-0.25456934332563813
17,0.35,1000.0,650.0,350.0,65.0,35.0,21.193261538461538,56.13251428571429,0.4000621855220862,-0.2499378144779138
17,0.4,1000.0,600.0,400.0,60.0,40.0,20.605566666666668,52.64665,0.3575152594653415,-0.2424847405346585
17,0.45,1000.0,550.0,450.0,55.00000000000001,45.0,20.089672727272728,49.71706666666667,0.31785786183116416,-0.2321421381688359
18,0.05,1000.0,950.0,50.0,95.0,5.0,30.2940947368421,131.4522,0.811219705429161,-0.13878029457083887
18,0.1,1000.0,900.0,100.0,90.0,10.0,27.842088888888888,102.94120000000001,0.7036456963013358,-0.19635430369866433
18,0.15,1000.0,850.0,150.0,85.0,15.0,26.188364705882353,87.27926666666666,0.6225029951764601,-0.22749700482353988
18,0.2,1000.0,800.0,200.0,80.0,20.0,24.971700000000002,76.8732,0.5563866340705128,-0.24361336592948724
18,0.25,1000.0,750.0,250.0,75.0,25.0,24.003719999999998,69.39684,0.49958768567429623,-0.2504123143257038
18,0.3,1000.0,700.0,300.0,70.0,30.0,23.182771428571428,63.74686666666666,0.44846817111938825,-0.2515318288806117
18,0.35,1000.0,650.0,350.0,65.0,35.0,22.471876923076923,59.27222857142857,0.40189222502402594,-0.24810777497597405
18,0.4,1000.0,600.0,400.0,60.0,40.0,21.850883333333332,55.603675,0.35921195615472507,-0.24078804384527494
18,0.45,1000.0,550.0,450.0,55.00000000000001,45.0,21.305672727272725,52.519733333333335,0.3198264747668994,-0.23017352523310064
19,0.05,1000.0,950.0,50.0,95.0,5.0,32.014831578947366,137.2782,0.8133068710557186,-0.1366931289442812
19,0.1,1000.0,900.0,100.0,90.0,10.0,29.4461,107.7651,0.7065938208350103,-0.1934061791649897
19,0.15,1000.0,850.0,150.0,85.0,15.0,27.709164705882355,91.50139999999999,0.625614256554572,-0.2243857434454279
19,0.2,1000.0,800.0,200.0,80.0,20.0,26.398699999999998,80.7952,0.5584360482023653,-0.24156395179763485
19,0.25,1000.0,750.0,250.0,75.0,25.0,25.35733333333333,73.04,0.5008075412333451,-0.24919245876665486
19,0.3,1000.0,700.0,300.0,70.0,30.0,24.47232857142857,67.1579,0.449089716172135,-0.25091028382786495
19,0.35,1000.0,650.0,350.0,65.0,35.0,23.747769230769233,62.40557142857143,0.40358448393235263,-0.2464155160676474
19,0.4,1000.0,600.0,400.0,60.0,40.0,23.10055,58.544174999999996,0.36093206818538454,-0.23906793181461541
19,0.45,1000.0,550.0,450.0,55.00000000000001,45.0,22.49849090909091,55.34184444444444,0.32069598711245845,-0.22930401288754154
20,0.05,1000.0,950.0,50.0,95.0,5.0,33.76341052631579,142.4952,0.8161070714441756,-0.1338929285558244
20,0.1,1000.0,900.0,100.0,90.0,10.0,31.040333333333333,112.637,0.7087437889337822,-0.19125621106621776
20,0.15,1000.0,850.0,150.0,85.0,15.0,29.205376470588234,95.8362,0.6274724956232626,-0.2225275043767374
20,0.2,1000.0,800.0,200.0,80.0,20.0,27.826025,84.6959,0.5604283671900377,-0.23957163280996233
20,0.25,1000.0,750.0,250.0,75.0,25.0,26.7402,76.57939999999999,0.5033680404611036,-0.2466319595388964
20,0.3,1000.0,700.0,300.0,70.0,30.0,25.81001428571429,70.4433,0.45148882995958145,-0.2485111700404185
20,0.35,1000.0,650.0,350.0,65.0,35.0,25.02015384615385,65.53399999999999,0.4047408565949378,-0.2452591434050622
20,0.4,1000.0,600.0,400.0,60.0,40.0,24.346983333333334,61.479525,0.3627518514677597,-0.23724814853224033
20,0.45,1000.0,550.0,450.0,55.00000000000001,45.0,23.732872727272728,58.10426666666666,0.322945232004828,-0.22705476799517205
21,0.05,1000.0,950.0,50.0,95.0,5.0,35.49351578947368,147.9832,0.8182058758114175,-0.13179412418858247
21,0.1,1000.0,900.0,100.0,90.0,10.0,32.650555555555556,117.325,0.7111769148865856,-0.18882308511341442
21,0.15,1000.0,850.0,150.0,85.0,15.0,30.69681176470588,100.17139999999999,0.6290816060859421,-0.22091839391405782
21,0.2,1000.0,800.0,200.0,80.0,20.0,29.2542,88.5732,0.5622476521236324,-0.23775234787636765
21,0.25,1000.0,750.0,250.0,75.0,25.0,28.107573333333335,80.14928,0.504827279408698,-0.245172720591302
21,0.3,1000.0,700.0,300.0,70.0,30.0,27.140642857142858,73.73183333333333,0.45341198010767103,-0.24658801989232895
21,0.35,1000.0,650.0,350.0,65.0,35.0,26.306246153846153,68.62554285714286,0.40659680531330467,-0.24340319468669536
21,0.4,1000.0,600.0,400.0,60.0,40.0,25.597600000000003,64.3986,0.3642502292220622,-0.23574977077793782
21,0.45,1000.0,550.0,450.0,55.00000000000001,45.0,24.951345454545454,60.87724444444444,0.32426458113050066,-0.22573541886949935
22,0.05,1000.0,950.0,50.0,95.0,5.0,37.218,153.498,0.8200091895058311,-0.12999081049416877
22,0.1,1000.0,900.0,100.0,90.0,10.0,34.24424444444444,122.12180000000001,0.7129689370977387,-0.18703106290226137
22,0.15,1000.0,850.0,150.0,85.0,15.0,32.2134,104.3374,0.6312534663182761,-0.2187465336817239
22,0.2,1000.0,800.0,200.0,80.0,20.0,30.68645,92.4142,0.5640569390710019,-0.23594306092899817
22,0.25,1000.0,750.0,250.0,75.0,25.0,29.469826666666666,83.71852000000001,0.5063498323985638,-0.2436501676014362
22,0.3,1000.0,700.0,300.0,70.0,30.0,28.466371428571428,77.01846666666667,0.4550791869753409,-0.2449208130246591
22,0.35,1000.0,650.0,350.0,65.0,35.0,27.593338461538462,71.7038,0.4081836377230219,-0.2418163622769781
22,0.4,1000.0,600.0,400.0,60.0,40.0,26.848216666666666,67.307675,0.36561015490498183,-0.23438984509501815
22,0.45,1000.0,550.0,450.0,55.00000000000001,45.0,26.139363636363637,63.67855555555556,0.32477130483454814,-0.22522869516545188
23,0.05,1000.0,950.0,50.0,95.0,5.0,38.9706,158.39860000000002,0.8224564813182436,-0.12754351868175648
23,0.1,1000.0,900.0,100.0,90.0,10.0,35.85668888888889,126.7098,0.7152060661587959,-0.18479393384120418
23,0.15,1000.0,850.0,150.0,85.0,15.0,33.73581176470588,108.44373333333333,0.6336374344996656,-0.21636256550033434
23,0.2,1000.0,800.0,200.0,80.0,20.0,32.133175,96.1773,0.5662435843598351,-0.23375641564016483
23,0.25,1000.0,750.0,250.0,75.0,25.0,30.85996,87.18812,0.5084781612663611,-0.24152183873363878
23,0.3,1000.0,700.0,300.0,70.0,30.0,29.785814285714288,80.30643333333333,0.4562669660257769,-0.24373303397422305
23,0.35,1000.0,650.0,350.0,65.0,35.0,28.871738461538463,74.78677142857143,0.4093162474967994,-0.2406837525032006
23,0.4,1000.0,600.0,400.0,60.0,40.0,28.081433333333333,70.23285,0.3664959923459142,-0.23350400765408577
23,0.45,1000.0,550.0,450.0,55.00000000000001,45.0,27.364836363636364,66.4252,0.3262187706383341,-0.22378122936166595
24,0.05,1000.0,950.0,50.0,95.0,5.0,40.70498947368421,163.5652,0.8241940852626396,-0.1258059147373603
24,0.1,1000.0,900.0,100.0,90.0,10.0,37.452422222222225,131.4082,0.7167863773770163,-0.1832136226229837
24,0.15,1000.0,850.0,150.0,85.0,15.0,35.26207058823529,112.5016,0.6360663962662296,-0.21393360373377035
24,0.2,1000.0,800.0,200.0,80.0,20.0,33.58665,99.8934,0.5684728714153787,-0.23152712858462138
24,0.25,1000.0,750.0,250.0,75.0,25.0,32.23476,90.68772000000001,0.509774878840132,-0.24022512115986808
24,0.3,1000.0,700.0,300.0,70.0,30.0,31.11937142857143,83.54813333333334,0.457899189146973,-0.24210081085302704
24,0.35,1000.0,650.0,350.0,65.0,35.0,30.17030769230769,77.82085714285714,0.41107780017671686,-0.23892219982328317
24,0.4,1000.0,600.0,400.0,60.0,40.0,29.331466666666664,73.1228,0.36782387996754495,-0.23217612003245502
24,0.45,1000.0,550.0,450.0,55.00000000000001,45.0,28.588745454545457,69.16486666666667,0.3275781988998608,-0.22242180110013923
25,0.05,1000.0,950.0,50.0,95.0,5.0,42.42816842105263,168.8648,0.8257049424185773,-0.12429505758142266
25,0.1,1000.0,900.0,100.0,90.0,10.0,39.09073333333333,135.6834,0.7193551014913931,-0.18064489850860685
25,0.15,1000.0,850.0,150.0,85.0,15.0,36.74069411764706,116.80273333333332,0.6368444172432836,-0.21315558275671645
25,0.2,1000.0,800.0,200.0,80.0,20.0,34.990725,103.7871,0.5691773930215054,-0.23082260697849466
25,0.25,1000.0,750.0,250.0,75.0,25.0,33.612946666666666,94.16116,0.5113304413798964,-0.23866955862010364
25,0.3,1000.0,700.0,300.0,70.0,30.0,32.4563,86.76863333333333,0.4596095013379429,-0.24039049866205708
25,0.35,1000.0,650.0,350.0,65.0,35.0,31.464830769230772,80.85102857142857,0.41262206740004376,-0.2373779325999563
25,0.4,1000.0,600.0,400.0,60.0,40.0,30.579316666666667,76.006025,0.3688501698483747,-0.23114983015162527
25,0.45,1000.0,550.0,450.0,55.00000000000001,45.0,29.800472727272727,71.91053333333333,0.328667338396204,-0.22133266160379597
26,0.05,1000.0,950.0,50.0,95.0,5.0,44.14953684210526,174.11880000000002,0.8270796735299046,-0.12292032647009528
26,0.1,1000.0,900.0,100.0,90.0,10.0,40.68203333333334,140.3417,0.7205741231658113,-0.17942587683418887
26,0.15,1000.0,850.0,150.0,85.0,15.0,38.27198823529412,120.77873333333334,0.6388127008162772,-0.21118729918372284
26,0.2,1000.0,800.0,200.0,80.0,20.0,36.4505375,107.43785,0.5712743663505161,-0.22872563364948398
26,0.25,1000.0,750.0,250.0,75.0,25.0,34.991973333333334,97.61608,0.5128193137096733,-0.2371806862903268
26,0.3,1000.0,700.0,300.0,70.0,30.0,33.77697142857143,90.01373333333333,0.4606275923893727,-0.23937240761062728
26,0.35,1000.0,650.0,350.0,65.0,35.0,32.720784615384616,83.94139999999999,0.4129359935001243,-0.23706400649987572
26,0.4,1000.0,600.0,400.0,60.0,40.0,31.82505,78.882425,0.36992876019199483,-0.23007123980800515
26,0.45,1000.0,550.0,450.0,55.00000000000001,45.0,31.01838181818182,74.63975555555555,0.32961740513941223,-0.2203825948605878
27,0.05,1000.0,950.0,50.0,95.0,5.0,45.89934736842105,178.75240000000002,0.8292551999033471,-0.12074480009665284
27,0.1,1000.0,900.0,100.0,90.0,10.0,42.30496666666667,144.6753,0.7226738911502412,-0.1773261088497588
27,0.15,1000.0,850.0,150.0,85.0,15.0,39.7982705882353,124.75646666666667,0.6408239993807495,-0.20917600061925046
27,0.2,1000.0,800.0,200.0,80.0,20.0,37.913625,111.0555,0.5733295011048367,-0.2266704988951633
27,0.25,1000.0,750.0,250.0,75.0,25.0,36.37118666666667,101.05444,0.51409803377101,-0.23590196622899
27,0.3,1000.0,700.0,300.0,70.0,30.0,35.106614285714286,93.22456666666668,0.4619267988866276,-0.23807320111337238
27,0.35,1000.0,650.0,350.0,65.0,35.0,34.02064615384616,86.93879999999999,0.4144333571082953,-0.2355666428917047
27,0.4,1000.0,600.0,400.0,60.0,40.0,33.07703333333333,81.73944999999999,0.37090933482232374,-0.22909066517767623
27,0.45,1000.0,550.0,450.0,55.00000000000001,45.0,32.22961818181818,77.36824444444444,0.330438880410637,-0.21956111958936306
28,0.05,1000.0,950.0,50.0,95.0,5.0,47.604389473684215,184.1566,0.8301632047114308,-0.11983679528856916
28,0.1,1000.0,900.0,100.0,90.0,10.0,43.9346,148.9086,0.724684253233976,-0.1753157467660241
28,0.15,1000.0,850.0,150.0,85.0,15.0,41.34442352941176,128.59493333333333,0.643067580314545,-0.2069324196854549
28,0.2,1000.0,800.0,200.0,80.0,20.0,39.3429,114.7884,0.5744830347707753,-0.22551696522922465
28,0.25,1000.0,750.0,250.0,75.0,25.0,37.76577333333333,104.43068,0.515704952501362,-0.23429504749863814
28,0.3,1000.0,700.0,300.0,70.0,30.0,36.43685714285714,96.42066666666668,0.4631029848871716,-0.23689701511282835
28,0.35,1000.0,650.0,350.0,65.0,35.0,35.33615384615385,89.89571428571429,0.41620426379764636,-0.2337957362023536
28,0.4,1000.0,600.0,400.0,60.0,40.0,34.32886666666667,84.58670000000001,0.37210210869953675,-0.2278978913004632
28,0.45,1000.0,550.0,450.0,55.00000000000001,45.0,33.468636363636364,80.05388888888889,0.33172445216671936,-0.21827554783328065
29,0.05,1000.0,950.0,50.0,95.0,5.0,49.35798947368421,188.5582,0.8321478455885897,-0.11785215441141035
29,0.1,1000.0,900.0,100.0,90.0,10.0,45.5654,153.0914,0.7266087543218062,-0.17339124567819386
29,0.15,1000.0,850.0,150.0,85.0,15.0,42.85182352941177,132.62633333333332,0.6443055503289817,-0.20569444967101824
29,0.2,1000.0,800.0,200.0,80.0,20.0,40.790225,118.4291,0.5760885172898861,-0.223911482710114
29,0.25,1000.0,750.0,250.0,75.0,25.0,39.1334,107.87180000000001,0.5166513076324873,-0.23334869236751263
29,0.3,1000.0,700.0,300.0,70.0,30.0,37.77755714285715,99.57903333333334,0.4646129566723557,-0.23538704332764432
29,0.35,1000.0,650.0,350.0,65.0,35.0,36.60923076923077,92.92,0.41700861066491823,-0.2329913893350818
29,0.4,1000.0,600.0,400.0,60.0,40.0,35.5938,87.4043,0.3733096720680084,-0.22669032793199154
29,0.45,1000.0,550.0,450.0,55.00000000000001,45.0,34.67018181818182,82.77644444444444,0.33227502761084005,-0.21772497238916003
30,0.05,1000.0,950.0,50.0,95.0,5.0,51.066189473684204,193.7424,0.8331460615421291,-0.11685393845787083
30,0.1,1000.0,900.0,100.0,90.0,10.0,47.17905555555556,157.3885,0.7283645428058046,-0.17163545719419535
30,0.15,1000.0,850.0,150.0,85.0,15.0,44.35972941176471,136.6282,0.6455028292922833,-0.2044971707077166
30,0.2,1000.0,800.0,200.0,80.0,20.0,42.235787499999994,122.05685,0.5772571364668364,-0.22274286353316355
30,0.25,1000.0,750.0,250.0,75.0,25.0,40.544693333333335,111.16592,0.5185042606970014,-0.23149573930299858
30,0.3,1000.0,700.0,300.0,70.0,30.0,39.11328571428571,102.73566666666667,0.465764066838128,-0.23423593316187197
30,0.35,1000.0,650.0,350.0,65.0,35.0,37.90844615384615,95.88431428571428,0.4181846833867266,-0.23181531661327345
30,0.4,1000.0,600.0,400.0,60.0,40.0,36.83515,90.247275,0.3742104522830341,-0.22578954771696583
30,0.45,1000.0,550.0,450.0,55.00000000000001,45.0,35.90805454545455,85.44571111111111,0.33361416393324084,-0.21638583606675924
31,0.05,1000.0,950.0,50.0,95.0,5.0,52.79569473684211,198.4418,0.8345217594148263,-0.11547824058517353
31,0.1,1000.0,900.0,100.0,90.0,10.0,48.79671111111111,161.6096,0.7298354797886881,-0.1701645202113119
31,0.15,1000.0,850.0,150.0,85.0,15.0,45.919941176470594,140.30700000000002,0.6479346868267092,-0.2020653131732908
31,0.2,1000.0,800.0,200.0,80.0,20.0,43.689949999999996,125.6302,0.5788355905769518,-0.22116440942304824
31,0.25,1000.0,750.0,250.0,75.0,25.0,41.93869333333333,114.49592000000001,0.5200803460739316,-0.22991965392606833
31,0.3,1000.0,700.0,300.0,70.0,30.0,40.44228571428571,105.89466666666667,0.4667074286707805,-0.23329257132921938
31,0.35,1000.0,650.0,350.0,65.0,35.0,39.203753846153845,98.84445714285714,0.4194546491468681,-0.2305453508531319
31,0.4,1000.0,600.0,400.0,60.0,40.0,38.11745,93.01882499999999,0.3756604682052562,-0.22433953179474378
31,0.45,1000.0,550.0,450.0,55.00000000000001,45.0,37.127072727272726,88.12913333333334,0.33442045929224123,-0.21557954070775878
32,0.05,1000.0,950.0,50.0,95.0,5.0,54.532715789473684,202.9184,0.8361328533593535,-0.11386714664064654
32,0.1,1000.0,900.0,100.0,90.0,10.0,50.42177777777778,165.72400000000002,0.7313882652550613,-0.1686117347449387
32,0.15,1000.0,850.0,150.0,85.0,15.0,47.453905882352934,144.10786666666667,0.6493827457690347,-0.20061725423096533
32,0.2,1000.0,800.0,200.0,80.0,20.0,45.1484,129.16639999999998,0.5804436919176776,-0.21955630808232243
32,0.25,1000.0,750.0,250.0,75.0,25.0,43.33773333333333,117.7948,0.5215389352554363,-0.22846106474456374
32,0.3,1000.0,700.0,300.0,70.0,30.0,41.794328571428565,108.98656666666666,0.4681842802837571,-0.2318157197162429
32,0.35,1000.0,650.0,350.0,65.0,35.0,40.50276923076923,101.78628571428571,0.42043186779357844,-0.2295681322064216
32,0.4,1000.0,600.0,400.0,60.0,40.0,39.36063333333333,95.83905,0.376338344275545,-0.2236616557244549
32,0.45,1000.0,550.0,450.0,55.00000000000001,45.0,38.3504,90.7984,0.3352872050316528,-0.21471279496834722
33,0.05,1000.0,950.0,50.0,95.0,5.0,56.244894736842106,207.787,0.8371526094810423,-0.11284739051895767
33,0.1,1000.0,900.0,100.0,90.0,10.0,52.05352222222222,169.7383,0.733303636706713,-0.1666963632932871
33,0.15,1000.0,850.0,150.0,85.0,15.0,48.969858823529414,147.98413333333335,0.6507513951499262,-0.1992486048500739
33,0.2,1000.0,800.0,200.0,80.0,20.0,46.621275,132.6249,0.5822433504183921,-0.21775664958160793
33,0.25,1000.0,750.0,250.0,75.0,25.0,44.72206666666667,121.12180000000001,0.5226286600396416,-0.22737133996035844
33,0.3,1000.0,700.0,300.0,70.0,30.0,43.11692857142857,112.13383333333333,0.4688850730956218,-0.23111492690437818
33,0.35,1000.0,650.0,350.0,65.0,35.0,41.80206153846154,104.71617142857143,0.4215802776677326,-0.2284197223322674
33,0.4,1000.0,600.0,400.0,60.0,40.0,40.60048333333333,98.654275,0.37693852428488145,-0.22306147571511858
33,0.45,1000.0,550.0,450.0,55.00000000000001,45.0,39.5814,93.44940000000001,0.33627970266672585,-0.2137202973332742
34,0.05,1000.0,950.0,50.0,95.0,5.0,57.954884210526316,212.61720000000003,0.8380882755960435,-0.11191172440395648
34,0.1,1000.0,900.0,100.0,90.0,10.0,53.69974444444444,173.5823,0.73514963837966,-0.16485036162034006
34,0.15,1000.0,850.0,150.0,85.0,15.0,50.47867058823529,151.8742,0.6516073944706555,-0.1983926055293444
34,0.2,1000.0,800.0,200.0,80.0,20.0,48.0786625,136.12535,0.5835406313537187,-0.2164593686462813
34,0.25,1000.0,750.0,250.0,75.0,25.0,46.09278666666667,124.47363999999999,0.5232023446508614,-0.22679765534913865
34,0.3,1000.0,700.0,300.0,70.0,30.0,44.48568571428572,115.16006666666667,0.47060113259799813,-0.22939886740200188
34,0.35,1000.0,650.0,350.0,65.0,35.0,43.08446153846154,107.666,0.42229623535242083,-0.22770376464757916
34,0.4,1000.0,600.0,400.0,60.0,40.0,41.886383333333335,101.390425,0.37835505786659546,-0.2216449421334045
34,0.45,1000.0,550.0,450.0,55.00000000000001,45.0,40.785945454545455,96.12384444444444,0.33678684179944673,-0.2132131582005533
35,0.05,1000.0,950.0,50.0,95.0,5.0,59.69249473684211,216.84259999999998,0.8396266667272072,-0.11037333327279278
35,0.1,1000.0,900.0,100.0,90.0,10.0,55.29632222222222,177.8331,0.7362346502998786,-0.1637653497001215
35,0.15,1000.0,850.0,150.0,85.0,15.0,52.050494117647055,155.38053333333335,0.653719898766563,-0.19628010123343695
35,0.2,1000.0,800.0,200.0,80.0,20.0,49.553450000000005,139.5362,0.5850939301501359,-0.2149060698498641
35,0.25,1000.0,750.0,250.0,75.0,25.0,47.50738666666667,127.67784,0.5248960237710909,-0.22510397622890907
35,0.3,1000.0,700.0,300.0,70.0,30.0,45.8355,118.21716666666667,0.4718114057413852,-0.2281885942586148
35,0.35,1000.0,650.0,350.0,65.0,35.0,44.39183076923077,110.55802857142857,0.42332277960004766,-0.22667722039995233
35,0.4,1000.0,600.0,400.0,60.0,40.0,43.14381666666667,104.159275,0.37915359086885025,-0.2208464091311497
35,0.45,1000.0,550.0,450.0,55.00000000000001,45.0,42.027545454545454,98.74411111111111,0.3377781034530167,-0.21222189654698337
36,0.05,1000.0,950.0,50.0,95.0,5.0,61.38532631578947,221.83880000000002,0.8402962799835048,-0.10970372001649523
36,0.1,1000.0,900.0,100.0,90.0,10.0,56.92662222222222,181.74040000000002,0.7376253434365841,-0.1623746565634159
36,0.15,1000.0,850.0,150.0,85.0,15.0,53.592447058823524,159.02946666666668,0.6553415533107081,-0.19465844668929186
36,0.2,1000.0,800.0,200.0,80.0,20.0,51.000150000000005,143.0394,0.5862078998884124,-0.2137921001115877
36,0.25,1000.0,750.0,250.0,75.0,25.0,48.90626666666667,130.9132,0.5261350902445405,-0.2238649097554595
36,0.3,1000.0,700.0,300.0,70.0,30.0,47.181842857142854,121.26903333333334,0.4728369767206759,-0.22716302327932403
36,0.35,1000.0,650.0,350.0,65.0,35.0,45.68523076923076,113.46457142857143,0.4243548563285593,-0.2256451436714407
36,0.4,1000.0,600.0,400.0,60.0,40.0,44.428000000000004,106.87799999999999,0.38042674115179714,-0.2195732588482028
36,0.45,1000.0,550.0,450.0,55.00000000000001,45.0,43.26463636363636,101.361,0.33874541365827243,-0.2112545863417276
37,0.05,1000.0,950.0,50.0,95.0,5.0,63.09294736842106,226.47400000000002,0.8412832570951945,-0.10871674290480549
37,0.1,1000.0,900.0,100.0,90.0,10.0,58.54006666666667,185.7594,0.7389419297364497,-0.16105807026355046
37,0.15,1000.0,850.0,150.0,85.0,15.0,55.13867058823529,162.62753333333333,0.6569056299700327,-0.19309437002996735
37,0.2,1000.0,800.0,200.0,80.0,20.0,52.4682625,146.43695,0.5876149944398414,-0.21238500556015855
37,0.25,1000.0,750.0,250.0,75.0,25.0,50.304719999999996,134.13384,0.5273179826553287,-0.2226820173446713
37,0.3,1000.0,700.0,300.0,70.0,30.0,48.55394285714286,124.24746666666665,0.47444901986071236,-0.22555098013928757
37,0.35,1000.0,650.0,350.0,65.0,35.0,46.9944,116.33040000000001,0.4254493179473235,-0.22455068205267653
37,0.4,1000.0,600.0,400.0,60.0,40.0,45.64508333333333,109.68737499999999,0.3805135732619958,-0.21948642673800417
37,0.45,1000.0,550.0,450.0,55.00000000000001,45.0,44.4978,103.9738,0.33958563284653037,-0.21041436715346967
38,0.05,1000.0,950.0,50.0,95.0,5.0,64.79394736842104,231.155,0.8421345646438851,-0.10786543535611477
38,0.1,1000.0,900.0,100.0,90.0,10.0,60.163488888888885,189.64860000000002,0.7402253501021749,-0.15977464989782508
38,0.15,1000.0,850.0,150.0,85.0,15.0,56.666117647058826,166.30533333333332,0.6579304839346243,-0.19206951606537565
38,0.2,1000.0,800.0,200.0,80.0,20.0,53.91145,149.9142,0.5885674330693432,-0.21143256693065682
38,0.25,1000.0,750.0,250.0,75.0,25.0,51.724106666666664,137.27568,0.5287823047660509,-0.221217695233949
38,0.3,1000.0,700.0,300.0,70.0,30.0,49.862899999999996,127.3599,0.47474327536827204,-0.22525672463172788
38,0.35,1000.0,650.0,350.0,65.0,35.0,48.30236923076923,119.18702857142857,0.4264904738572207,-0.2235095261427793
38,0.4,1000.0,600.0,400.0,60.0,40.0,46.93193333333333,112.38210000000001,0.3817725218732358,-0.21822747812676416
38,0.45,1000.0,550.0,450.0,55.00000000000001,45.0,45.737927272727276,106.5692,0.34060226953052586,-0.20939773046947419
39,0.05,1000.0,950.0,50.0,95.0,5.0,66.51362105263158,235.4012,0.8431923961315264,-0.10680760386847346
39,0.1,1000.0,900.0,100.0,90.0,10.0,61.80208888888888,193.3612,0.7419084231931877,-0.15809157680681232
39,0.15,1000.0,850.0,150.0,85.0,15.0,58.226188235294124,169.7716,0.6596305649426649,-0.19036943505733508
39,0.2,1000.0,800.0,200.0,80.0,20.0,55.406499999999994,153.164,0.5903873598876522,-0.2096126401123478
39,0.25,1000.0,750.0,250.0,75.0,25.0,53.09489333333333,140.54732,0.529401348698044,-0.220598651301956
39,0.3,1000.0,700.0,300.0,70.0,30.0,51.21538571428571,130.35743333333335,0.47582836651569216,-0.2241716334843078
39,0.35,1000.0,650.0,350.0,65.0,35.0,49.601000000000006,122.04957142857144,0.42739780334193656,-0.2226021966580635
39,0.4,1000.0,600.0,400.0,60.0,40.0,48.2029,115.09065000000001,0.38264312964823316,-0.2173568703517668
39,0.45,1000.0,550.0,450.0,55.00000000000001,45.0,46.94601818181818,109.19486666666667,0.34108303081515273,-0.20891696918484728
40,0.05,1000.0,950.0,50.0,95.0,5.0,68.23546315789474,239.5262,0.8445368075418827,-0.10546319245811729
40,0.1,1000.0,900.0,100.0,90.0,10.0,63.40876666666667,197.3211,0.7429483174362197,-0.15705168256378038
40,0.15,1000.0,850.0,150.0,85.0,15.0,59.77882352941177,173.25333333333333,0.6612656056624755,-0.1887343943375245
40,0.2,1000.0,800.0,200.0,80.0,20.0,56.88415,156.4634,0.5918385941844369,-0.20816140581556314
40,0.25,1000.0,750.0,250.0,75.0,25.0,54.55038666666666,143.54884,0.5312755373769267,-0.21872446262307332
40,0.3,1000.0,700.0,300.0,70.0,30.0,52.572185714285716,133.33156666666667,0.47703135838667765,-0.2229686416133223
40,0.35,1000.0,650.0,350.0,65.0,35.0,50.916030769230765,124.87022857142858,0.4283740906732841,-0.22162590932671591
40,0.4,1000.0,600.0,400.0,60.0,40.0,49.451183333333326,117.82322500000001,0.383329853781521,-0.21667014621847894
40,0.45,1000.0,550.0,450.0,55.00000000000001,45.0,48.18572727272727,111.773,0.3418705296577897,-0.2081294703422104
41,0.05,1000.0,950.0,50.0,95.0,5.0,69.91304210526316,244.4122,0.8450415584836793,-0.10495844151632071
41,0.1,1000.0,900.0,100.0,90.0,10.0,65.0235,201.1685,0.7442389613368777,-0.15576103866312221
41,0.15,1000.0,850.0,150.0,85.0,15.0,61.34548235294118,176.62893333333332,0.6628431384355131,-0.18715686156448677
41,0.2,1000.0,800.0,200.0,80.0,20.0,58.3630375,159.73785,0.5929977069598347,-0.20700229304016543
41,0.25,1000.0,750.0,250.0,75.0,25.0,55.93641333333333,146.74276,0.5320781493396779,-0.21792185066032213
41,0.3,1000.0,700.0,300.0,70.0,30.0,53.91948571428571,136.31453333333332,0.4779727529534918,-0.2220272470465081
41,0.35,1000.0,650.0,350.0,65.0,35.0,52.2104,127.71782857142857,0.4290900471625846,-0.2209099528374154
41,0.4,1000.0,600.0,400.0,60.0,40.0,50.71471666666666,120.522925,0.3840654224044559,-0.2159345775955441
41,0.45,1000.0,550.0,450.0,55.00000000000001,45.0,49.39567272727273,114.37862222222222,0.3422316410908348,-0.20776835890916523
42,0.05,1000.0,950.0,50.0,95.0,5.0,71.60654736842105,248.9156,0.8456973482633452,-0.10430265173665472
42,0.1,1000.0,900.0,100.0,90.0,10.0,66.64723333333333,204.8949,0.7453331845407445,-0.15466681545925556
42,0.15,1000.0,850.0,150.0,85.0,15.0,62.8846,180.13393333333335,0.664164245790789,-0.18583575420921095
42,0.2,1000.0,800.0,200.0,80.0,20.0,59.82925,163.043,0.5942067126079439,-0.20579328739205618
42,0.25,1000.0,750.0,250.0,75.0,25.0,57.36312,149.79864,0.5336641284385365,-0.21633587156146344
42,0.3,1000.0,700.0,300.0,70.0,30.0,55.2935,139.22183333333334,0.47929584427371913,-0.22070415572628085
42,0.35,1000.0,650.0,350.0,65.0,35.0,53.52813846153847,130.51059999999998,0.4300705619970234,-0.2199294380029766
42,0.4,1000.0,600.0,400.0,60.0,40.0,51.98251666666667,123.20622499999999,0.38481488632224015,-0.21518511367775978
42,0.45,1000.0,550.0,450.0,55.00000000000001,45.0,50.65789090909091,116.91146666666667,0.34345373739149815,-0.2065462626085019
43,0.05,1000.0,950.0,50.0,95.0,5.0,73.32455789473684,252.8734,0.8468495893663354,-0.10315041063366454
43,0.1,1000.0,900.0,100.0,90.0,10.0,68.26735555555555,208.6138,0.7466215669698663,-0.15337843303013377
43,0.15,1000.0,850.0,150.0,85.0,15.0,64.38601176470588,183.82593333333335,0.6647518850969483,-0.18524811490305162
43,0.2,1000.0,800.0,200.0,80.0,20.0,61.3046375,166.29145,0.5954437644484092,-0.20455623555159086
43,0.25,1000.0,750.0,250.0,75.0,25.0,58.75534666666667,152.94196,0.5343284776159698,-0.21567152238403023
43,0.3,1000.0,700.0,300.0,70.0,30.0,56.63035714285715,142.2025,0.47995870998810736,-0.22004129001189263
43,0.35,1000.0,650.0,350.0,65.0,35.0,54.8515076923077,133.2814857142857,0.4312910442669334,-0.21870895573306665
43,0.4,1000.0,600.0,400.0,60.0,40.0,53.27916666666667,125.83625,0.3860966030392187,-0.21390339696078128
43,0.45,1000.0,550.0,450.0,55.00000000000001,45.0,51.8838,119.4798,0.3441359546535912,-0.20586404534640884
44,0.05,1000.0,950.0,50.0,95.0,5.0,75.02701052631579,257.0468,0.8477346368233595,-0.10226536317664049
44,0.1,1000.0,900.0,100.0,90.0,10.0,69.8958,212.21779999999998,0.7479407271229563,-0.15205927287704366
44,0.15,1000.0,850.0,150.0,85.0,15.0,65.94535294117647,187.16299999999998,0.6662806577950046,-0.18371934220499533
44,0.2,1000.0,800.0,200.0,80.0,20.0,62.802737500000006,169.42905,0.5969885059136015,-0.2030114940863985
44,0.25,1000.0,750.0,250.0,75.0,25.0,60.179080000000006,155.97476,0.5357124794706292,-0.21428752052937078
44,0.3,1000.0,700.0,300.0,70.0,30.0,58.00572857142857,145.07996666666665,0.48132912063578276,-0.2186708793642172
44,0.35,1000.0,650.0,350.0,65.0,35.0,56.158692307692306,136.071,0.43217380240296466,-0.21782619759703536
44,0.4,1000.0,600.0,400.0,60.0,40.0,54.534083333333335,128.518875,0.3867438557179665,-0.21325614428203352
44,0.45,1000.0,550.0,450.0,55.00000000000001,45.0,53.11623636363636,122.03126666666667,0.34481885097966136,-0.20518114902033868
45,0.05,1000.0,950.0,50.0,95.0,5.0,76.71791578947368,261.3596,0.8484515215494614,-0.10154847845053863
45,0.1,1000.0,900.0,100.0,90.0,10.0,71.48574444444445,216.12829999999997,0.7487133391910257,-0.15128666080897438
45,0.15,1000.0,850.0,150.0,85.0,15.0,67.50155294117647,190.4912,0.667588883002357,-0.18241111699764306
45,0.2,1000.0,800.0,200.0,80.0,20.0,64.2821125,172.62154999999998,0.5982664607435944,-0.20173353925640572
45,0.25,1000.0,750.0,250.0,75.0,25.0,61.576946666666664,159.06915999999998,0.5365287028310335,-0.21347129716896654
45,0.3,1000.0,700.0,300.0,70.0,30.0,59.35175714285714,148.01256666666666,0.4820936293430554,-0.21790637065694454
45,0.35,1000.0,650.0,350.0,65.0,35.0,57.43501538461538,138.9064,0.43243844293588984,-0.21756155706411015
45,0.4,1000.0,600.0,400.0,60.0,40.0,55.81425,131.153625,0.38764877969146466,-0.2123512203085353
45,0.45,1000.0,550.0,450.0,55.00000000000001,45.0,54.35085454545455,124.57117777777778,0.3453890561286361,-0.20461094387136394
46,0.05,1000.0,950.0,50.0,95.0,5.0,78.41855789473684,265.4074,0.8493609787080358,-0.10063902129196416
46,0.1,1000.0,900.0,100.0,90.0,10.0,73.09322222222222,219.84099999999998,0.7497207590165453,-0.15027924098345474
46,0.15,1000.0,850.0,150.0,85.0,15.0,69.05218823529411,193.82426666666666,0.6690055078925774,-0.18099449210742263
46,0.2,1000.0,800.0,200.0,80.0,20.0,65.7378625,175.88855,0.5990850655966667,-0.20091493440333327
46,0.25,1000.0,750.0,250.0,75.0,25.0,63.00138666666667,162.06784,0.5377125569984259,-0.2122874430015741
46,0.3,1000.0,700.0,300.0,70.0,30.0,60.72737142857143,150.8628,0.48330187627355586,-0.21669812372644415
46,0.35,1000.0,650.0,350.0,65.0,35.0,58.75893846153846,141.64197142857142,0.4335570897387505,-0.21644291026124954
46,0.4,1000.0,600.0,400.0,60.0,40.0,57.05896666666666,133.83155,0.38797951439233147,-0.2120204856076685
46,0.45,1000.0,550.0,450.0,55.00000000000001,45.0,55.56163636363636,127.13133333333333,0.3458195664143498,-0.20418043358565025
47,0.05,1000.0,950.0,50.0,95.0,5.0,80.08407368421052,270.0426,0.8497846609990589,-0.1002153390009411
47,0.1,1000.0,900.0,100.0,90.0,10.0,74.69793333333332,223.5386,0.7506437604753515,-0.14935623952464852
47,0.15,1000.0,850.0,150.0,85.0,15.0,70.56615294117647,197.33846666666668,0.6695815218518381,-0.1804184781481619
47,0.2,1000.0,800.0,200.0,80.0,20.0,67.1775,179.2,0.5996368554692736,-0.20036314453072648
47,0.25,1000.0,750.0,250.0,75.0,25.0,64.41086666666666,165.0954,0.5387667194692095,-0.21123328053079046
47,0.3,1000.0,700.0,300.0,70.0,30.0,62.09642857142857,153.715,0.48453157521538537,-0.21546842478461464
47,0.35,1000.0,650.0,350.0,65.0,35.0,60.08987692307693,144.35308571428573,0.4346383936004316,-0.21536160639956844
47,0.4,1000.0,600.0,400.0,60.0,40.0,58.34336666666667,136.43995,0.38885029652992514,-0.21114970347007486
47,0.45,1000.0,550.0,450.0,55.00000000000001,45.0,56.823254545454546,129.62046666666666,0.346791059205596,-0.20320894079440405
48,0.05,1000.0,950.0,50.0,95.0,5.0,81.76112631578947,274.3786,0.850448894092784,-0.099551105907216
48,0.1,1000.0,900.0,100.0,90.0,10.0,76.28104444444445,227.3906,0.7513803456463102,-0.14861965435368987
48,0.15,1000.0,850.0,150.0,85.0,15.0,72.12974117647059,200.5448,0.6710034033268396,-0.17899659667316045
48,0.2,1000.0,800.0,200.0,80.0,20.0,68.68372500000001,182.2251,0.6012243631411279,-0.19877563685887217
48,0.25,1000.0,750.0,250.0,75.0,25.0,65.85894666666667,167.99116,0.5402279603753712,-0.20977203962462876
48,0.3,1000.0,700.0,300.0,70.0,30.0,63.44164285714286,156.6095,0.48498342852271037,-0.21501657147728956
48,0.35,1000.0,650.0,350.0,65.0,35.0,61.398723076923076,147.0938,0.43543015176769745,-0.21456984823230257
48,0.4,1000.0,600.0,400.0,60.0,40.0,59.62481666666667,139.042775,0.38979764780988424,-0.21020235219011574
48,0.45,1000.0,550.0,450.0,55.00000000000001,45.0,58.04903636363636,132.14451111111111,0.3473792694864006,-0.2026207305135995
49,0.05,1000.0,950.0,50.0,95.0,5.0,83.46378947368422,278.14799999999997,0.8514677349311526,-0.09853226506884727
49,0.1,1000.0,900.0,100.0,90.0,10.0,77.92677777777777,230.639,0.7528989675373378,-0.14710103246266235
49,0.15,1000.0,850.0,150.0,85.0,15.0,73.68302352941177,203.78286666666668,0.6723451049442392,-0.17765489505576076
49,0.2,1000.0,800.0,200.0,80.0,20.0,70.18962499999999,185.2315,0.602646640956066,-0.19735335904393408
49,0.25,1000.0,750.0,250.0,75.0,25.0,67.23673333333333,171.08180000000002,0.54071833742298,-0.20928166257702
49,0.3,1000.0,700.0,300.0,70.0,30.0,64.82572857142857,159.39996666666667,0.4863790966918986,-0.2136209033081014
49,0.35,1000.0,650.0,350.0,65.0,35.0,62.73212307692308,149.77748571428572,0.43642988346905254,-0.21357011653094746
49,0.4,1000.0,600.0,400.0,60.0,40.0,60.899883333333335,141.645175,0.3905499217878428,-0.2094500782121572
49,0.45,1000.0,550.0,450.0,55.00000000000001,45.0,59.289472727272724,134.64175555555556,0.3480908131876902,-0.2019091868123099
50,0.05,1000.0,950.0,50.0,95.0,5.0,85.14652631578947,282.216,0.8521055918405491,-0.09789440815945083
50,0.1,1000.0,900.0,100.0,90.0,10.0,79.50553333333333,234.4502,0.7535932782318366,-0.14640672176816347
50,0.15,1000.0,850.0,150.0,85.0,15.0,75.21908235294117,207.09186666666668,0.6733922680317876,-0.17660773196821233
50,0.2,1000.0,800.0,200.0,80.0,20.0,71.67466250000001,188.30134999999999,0.6038207955732527,-0.19617920442674738
50,0.25,1000.0,750.0,250.0,75.0,25.0,68.70077333333333,173.89768,0.5424000908835174,-0.20759990911648266
50,0.3,1000.0,700.0,300.0,70.0,30.0,66.19967142857143,162.20076666666665,0.48741611935273693,-0.21258388064726305
50,0.35,1000.0,650.0,350.0,65.0,35.0,64.05626153846154,152.46694285714287,0.4374004358750373,-0.21259956412496275
50,0.4,1000.0,600.0,400.0,60.0,40.0,62.18166666666667,144.2275,0.3913834184557388,-0.20861658154426113
50,0.45,1000.0,550.0,450.0,55.00000000000001,45.0,60.54067272727273,137.11695555555556,0.3489189600633369,-0.20108103993666318
51,0.05,1000.0,950.0,50.0,95.0,5.0,86.83063157894738,286.178,0.8527905528013203,-0.09720944719867967
51,0.1,1000.0,900.0,100.0,90.0,10.0,81.08525555555556,238.2127,0.7541610819415263,-0.14583891805847368
51,0.15,1000.0,850.0,150.0,85.0,15.0,76.7527294117647,210.38786666666667,0.6743747085557105,-0.17562529144428943
51,0.2,1000.0,800.0,200.0,80.0,20.0,73.1417375,191.42305,0.6047810875975798,-0.19521891240242023
51,0.25,1000.0,750.0,250.0,75.0,25.0,70.10141333333333,176.88776000000001,0.5430793853689134,-0.20692061463108655
51,0.3,1000.0,700.0,300.0,70.0,30.0,67.54397142857142,165.05740000000003,0.488036320388899,-0.21196367961110096
51,0.35,1000.0,650.0,350.0,65.0,35.0,65.34558461538461,155.20962857142857,0.43785041174639494,-0.21214958825360505
51,0.4,1000.0,600.0,400.0,60.0,40.0,63.45438333333333,146.813425,0.392102600736026,-0.20789739926397402
51,0.45,1000.0,550.0,450.0,55.00000000000001,45.0,61.773999999999994,139.6051111111111,0.3494864872874925,-0.20051351271250756
52,0.05,1000.0,950.0,50.0,95.0,5.0,88.50416842105264,290.26079999999996,0.8534733498258027,-0.09652665017419725
52,0.1,1000.0,900.0,100.0,90.0,10.0,82.70203333333333,241.6017,0.7553329463229811,-0.14466705367701888
52,0.15,1000.0,850.0,150.0,85.0,15.0,78.28172941176472,213.68353333333332,0.6753059359344856,-0.17469406406551438
52,0.2,1000.0,800.0,200.0,80.0,20.0,74.616075,194.4957,0.6057662231076602,-0.19423377689233987
52,0.25,1000.0,750.0,250.0,75.0,25.0,71.52482666666667,179.79352,0.5442155272428949,-0.2057844727571051
52,0.3,1000.0,700.0,300.0,70.0,30.0,68.93724285714285,167.78643333333332,0.4893122236771621,-0.21068777632283786
52,0.35,1000.0,650.0,350.0,65.0,35.0,66.68106153846153,157.85517142857142,0.438913653570771,-0.21108634642922908
52,0.4,1000.0,600.0,400.0,60.0,40.0,64.72631666666666,149.390525,0.3928077010834386,-0.20719229891656138
52,0.45,1000.0,550.0,450.0,55.00000000000001,45.0,63.0146909090909,142.0753777777778,0.35011798548357015,-0.19988201451642992
53,0.05,1000.0,950.0,50.0,95.0,5.0,90.21942105263159,293.471,0.854599156743102,-0.09540084325689784
53,0.1,1000.0,900.0,100.0,90.0,10.0,84.32902222222224,244.8588,0.756637715704074,-0.14336228429592598
53,0.15,1000.0,850.0,150.0,85.0,15.0,79.80956470588235,216.95913333333334,0.6760025798749619,-0.173997420125038
53,0.2,1000.0,800.0,200.0,80.0,20.0,76.1312625,197.38495,0.6072384054488661,-0.19276159455113395
53,0.25,1000.0,750.0,250.0,75.0,25.0,72.96770666666666,182.62488000000002,0.5455587345522477,-0.20444126544775235
53,0.3,1000.0,700.0,300.0,70.0,30.0,70.29938571428572,170.57476666666665,0.49013548388401573,-0.2098645161159842
53,0.35,1000.0,650.0,350.0,65.0,35.0,68.00698461538462,160.50702857142858,0.4397859379892305,-0.21021406201076953
53,0.4,1000.0,600.0,400.0,60.0,40.0,66.02948333333333,151.910775,0.3937730578886683,-0.20622694211133172
53,0.45,1000.0,550.0,450.0,55.00000000000001,45.0,64.25694545454546,144.53484444444445,0.3507939994282745,-0.19920600057172552
54,0.05,1000.0,950.0,50.0,95.0,5.0,91.86708421052631,297.8854,0.8549570728757797,-0.09504292712422023
54,0.1,1000.0,900.0,100.0,90.0,10.0,85.89200000000001,248.65200000000002,0.7569939059477564,-0.14300609405224363
54,0.15,1000.0,850.0,150.0,85.0,15.0,81.37859999999999,219.97459999999998,0.6775905437574088,-0.17240945624259127
54,0.2,1000.0,800.0,200.0,80.0,20.0,77.5809,200.5164,0.6078641777068409,-0.19213582229315915
54,0.25,1000.0,750.0,250.0,75.0,25.0,74.41234666666666,185.43496,0.5466356911479664,-0.20336430885203352
54,0.3,1000.0,700.0,300.0,70.0,30.0,71.64532857142858,173.3875666666667,0.49070302498936713,-0.20929697501063288
54,0.35,1000.0,650.0,350.0,65.0,35.0,69.3168923076923,163.1772,0.4405117837421739,-0.2094882162578261
54,0.4,1000.0,600.0,400.0,60.0,40.0,67.3038,154.4643,0.3944752141321724,-0.20552478586782758
54,0.45,1000.0,550.0,450.0,55.00000000000001,45.0,65.47532727272727,147.0146,0.351168656722907,-0.198831343277093
55,0.05,1000.0,950.0,50.0,95.0,5.0,93.54205263157895,301.70099999999996,0.8556433357778026,-0.09435666422219738
55,0.1,1000.0,900.0,100.0,90.0,10.0,87.46552222222222,252.31029999999998,0.7576740785315994,-0.14232592146840062
55,0.15,1000.0,850.0,150.0,85.0,15.0,82.90130588235293,223.22593333333333,0.6782224410077844,-0.17177755899221567
55,0.2,1000.0,800.0,200.0,80.0,20.0,79.09823750000001,203.35705000000002,0.6093175450946051,-0.1906824549053949
55,0.25,1000.0,750.0,250.0,75.0,25.0,75.79092,188.42723999999998,0.5471499846052037,-0.2028500153947963
55,0.3,1000.0,700.0,300.0,70.0,30.0,73.03848571428571,176.0768666666667,0.491879140200264,-0.20812085979973588
55,0.35,1000.0,650.0,350.0,65.0,35.0,70.66921538461538,165.7571714285714,0.4416847194367783,-0.2083152805632217
55,0.4,1000.0,600.0,400.0,60.0,40.0,68.587,156.99450000000002,0.3951648871151673,-0.20483511288483264
55,0.45,1000.0,550.0,450.0,55.00000000000001,45.0,66.72712727272727,149.44462222222222,0.35189294839009433,-0.1981070516099057
56,0.05,1000.0,950.0,50.0,95.0,5.0,95.21433684210525,305.4876,0.8562966916939483,-0.09370330830605163
56,0.1,1000.0,900.0,100.0,90.0,10.0,89.09808888888888,255.3972,0.75901545947168,-0.14098454052832002
56,0.15,1000.0,850.0,150.0,85.0,15.0,84.42139999999999,226.46540000000002,0.6791456756111144,-0.17085432438888556
56,0.2,1000.0,800.0,200.0,80.0,20.0,80.5350875,206.49965,0.6097859209052051,-0.19021407909479493
56,0.25,1000.0,750.0,250.0,75.0,25.0,77.21238666666667,191.27484,0.5480411871710823,-0.2019588128289177
56,0.3,1000.0,700.0,300.0,70.0,30.0,74.39404285714286,178.84056666666666,0.49264548538664343,-0.20735451461335652
56,0.35,1000.0,650.0,350.0,65.0,35.0,72.00624615384615,168.35411428571427,0.4425852501356292,-0.20741474986437075
56,0.4,1000.0,600.0,400.0,60.0,40.0,69.85466666666667,159.53799999999998,0.39576661574727107,-0.20423338425272897
56,0.45,1000.0,550.0,450.0,55.00000000000001,45.0,67.96872727272728,151.87822222222223,0.3525289847443822,-0.1974710152556179
57,0.05,1000.0,950.0,50.0,95.0,5.0,96.87554736842105,309.4046,0.8568167684865192,-0.09318323151348082
57,0.1,1000.0,900.0,100.0,90.0,10.0,90.6258888888889,259.387,0.7591361082155208,-0.14086389178447914
57,0.15,1000.0,850.0,150.0,85.0,15.0,85.93475294117647,229.7164,0.6797402143957975,-0.1702597856042025
57,0.2,1000.0,800.0,200.0,80.0,20.0,82.0336875,209.37525000000002,0.6108867334427364,-0.1891132665572637
57,0.25,1000.0,750.0,250.0,75.0,25.0,78.67038666666666,193.99684000000002,0.5493978125984529,-0.20060218740154714
57,0.3,1000.0,700.0,300.0,70.0,30.0,75.7901,181.49643333333333,0.4938073851945672,-0.2061926148054328
57,0.35,1000.0,650.0,350.0,65.0,35.0,73.32958461538462,170.96505714285715,0.443359811345587,-0.20664018865441303
57,0.4,1000.0,600.0,400.0,60.0,40.0,71.13029999999999,162.05955,0.39648135342427493,-0.20351864657572502
57,0.45,1000.0,550.0,450.0,55.00000000000001,45.0,69.23047272727273,154.2783111111111,0.353357038016097,-0.196642961983903
58,0.05,1000.0,950.0,50.0,95.0,5.0,98.52662105263158,313.4342,0.8572593996109003,-0.09274060038909974
58,0.1,1000.0,900.0,100.0,90.0,10.0,92.2202,262.7382,0.7599809053286138,-0.14001909467138626
58,0.15,1000.0,850.0,150.0,85.0,15.0,87.52108235294118,232.52720000000002,0.6813809371557666,-0.16861906284423345
58,0.2,1000.0,800.0,200.0,80.0,20.0,83.5359375,212.21625,0.6122337894663176,-0.18776621053368242
58,0.25,1000.0,750.0,250.0,75.0,25.0,80.09996,196.78812000000002,0.5503485309455843,-0.19965146905441566
58,0.3,1000.0,700.0,300.0,70.0,30.0,77.1481,184.22776666666664,0.4944470631417389,-0.205552936858261
58,0.35,1000.0,650.0,350.0,65.0,35.0,74.6746,173.52431428571427,0.4444322381181808,-0.20556776188181922
58,0.4,1000.0,600.0,400.0,60.0,40.0,72.44673333333333,164.50990000000002,0.39749128363727465,-0.20250871636272533
58,0.45,1000.0,550.0,450.0,55.00000000000001,45.0,70.47416363636364,156.69157777777778,0.3539507888096864,-0.19604921119031363
59,0.05,1000.0,950.0,50.0,95.0,5.0,100.18353684210526,317.27279999999996,0.8577990315638654,-0.09220096843613464
59,0.1,1000.0,900.0,100.0,90.0,10.0,93.81030000000001,266.08729999999997,0.7608028303303084,-0.1391971696696916
59,0.15,1000.0,850.0,150.0,85.0,15.0,89.01421176470589,235.83946666666668,0.6818381561893476,-0.16816184381065236
59,0.2,1000.0,800.0,200.0,80.0,20.0,84.9813875,215.26445,0.6128512317544548,-0.1871487682455453
59,0.25,1000.0,750.0,250.0,75.0,25.0,81.52762666666666,199.56912,0.5513013190393045,-0.19869868096069548
59,0.3,1000.0,700.0,300.0,70.0,30.0,78.52025714285715,186.91273333333334,0.49535047823483225,-0.2046495217651677
59,0.35,1000.0,650.0,350.0,65.0,35.0,75.97638461538462,176.15242857142857,0.4449116986768654,-0.2050883013231346
59,0.4,1000.0,600.0,400.0,60.0,40.0,73.72358333333334,167.00962500000003,0.3981711401449828,-0.2018288598550172
59,0.45,1000.0,550.0,450.0,55.00000000000001,45.0,71.69241818181818,159.12704444444444,0.3543657574105133,-0.19563424258948675
60,0.05,1000.0,950.0,50.0,95.0,5.0,101.8484,320.8804,0.8584427350627558,-0.09155726493724411
60,0.1,1000.0,900.0,100.0,90.0,10.0,95.40958888888889,269.3137,0.7617682281589514,-0.13823177184104865
60,0.15,1000.0,850.0,150.0,85.0,15.0,90.5744588235294,238.74473333333336,0.6830675908839529,-0.16693240911604723
60,0.2,1000.0,800.0,200.0,80.0,20.0,86.4910375,218.03584999999998,0.6140812888741018,-0.18591871112589817
60,0.25,1000.0,750.0,250.0,75.0,25.0,82.94501333333334,202.36496,0.5521532669643615,-0.1978467330356385
60,0.3,1000.0,700.0,300.0,70.0,30.0,79.93085714285714,189.49466666666666,0.4965860106801007,-0.2034139893198993
60,0.35,1000.0,650.0,350.0,65.0,35.0,77.29412307692309,178.73948571428573,0.4456038250529619,-0.20439617494703813
60,0.4,1000.0,600.0,400.0,60.0,40.0,75.03563333333334,169.44655,0.39910958076928027,-0.20089041923071974
60,0.45,1000.0,550.0,450.0,55.00000000000001,45.0,72.98845454545454,161.45855555555556,0.3553566368969626,-0.19464336310303737
61,0.05,1000.0,950.0,50.0,95.0,5.0,103.52631578947368,324.16,0.8592040538841725,-0.0907959461158275
61,0.1,1000.0,900.0,100.0,90.0,10.0,96.94543333333333,273.0711,0.762083032637908,-0.13791696736209205
61,0.15,1000.0,850.0,150.0,85.0,15.0,92.09528235294118,241.84673333333333,0.6838262413120758,-0.16617375868792425
61,0.2,1000.0,800.0,200.0,80.0,20.0,87.9517625,220.98295,0.6148460145245881,-0.18515398547541195
61,0.25,1000.0,750.0,250.0,75.0,25.0,84.37501333333334,205.10696,0.5530809808677616,-0.19691901913223844
61,0.3,1000.0,700.0,300.0,70.0,30.0,81.28647142857143,192.19156666666666,0.49718701285482503,-0.20281298714517493
61,0.35,1000.0,650.0,350.0,65.0,35.0,78.63213846153846,181.27745714285712,0.44641753115099503,-0.203582468849005
61,0.4,1000.0,600.0,400.0,60.0,40.0,76.25608333333334,172.01087500000003,0.3991004421016171,-0.20089955789838287
61,0.45,1000.0,550.0,450.0,55.00000000000001,45.0,74.23218181818181,163.84511111111112,0.3560554638219447,-0.19394453617805538
62,0.05,1000.0,950.0,50.0,95.0,5.0,105.15468421052633,328.301,0.8595326365837198,-0.09046736341628014
62,0.1,1000.0,900.0,100.0,90.0,10.0,98.54594444444444,276.2065,0.7631488901940061,-0.1368511098059939
62,0.15,1000.0,850.0,150.0,85.0,15.0,93.61607058823529,244.92226666666664,0.6846288056571442,-0.1653711943428557
62,0.2,1000.0,800.0,200.0,80.0,20.0,89.432675,223.8293,0.6157928387974368,-0.1842071612025632
62,0.25,1000.0,750.0,250.0,75.0,25.0,85.80629333333334,207.82912,0.5540968406295468,-0.19590315937045322
62,0.3,1000.0,700.0,300.0,70.0,30.0,82.68537142857143,194.77413333333334,0.4983466812722665,-0.20165331872773343
62,0.35,1000.0,650.0,350.0,65.0,35.0,79.96069230769231,183.82157142857145,0.4472424055742205,-0.2027575944257795
62,0.4,1000.0,600.0,400.0,60.0,40.0,77.60393333333333,174.3741,0.4004130656135015,-0.19958693438649852
62,0.45,1000.0,550.0,450.0,55.00000000000001,45.0,75.47796363636364,166.22026666666665,0.35660944994354954,-0.19339055005645048
63,0.05,1000.0,950.0,50.0,95.0,5.0,106.81444210526315,331.76559999999995,0.8601024860175225,-0.0898975139824774
63,0.1,1000.0,900.0,100.0,90.0,10.0,100.10153333333334,279.70619999999997,0.7636743467809477,-0.13632565321905235
63,0.15,1000.0,850.0,150.0,85.0,15.0,95.10196470588235,248.16886666666664,0.6850489833397316,-0.1649510166602684
63,0.2,1000.0,800.0,200.0,80.0,20.0,90.94505,226.5298,0.617110242623614,-0.18288975737638605
63,0.25,1000.0,750.0,250.0,75.0,25.0,87.24538666666668,210.51184,0.5549858669992926,-0.19501413300070733
63,0.3,1000.0,700.0,300.0,70.0,30.0,84.10124285714286,197.30376666666666,0.4996172356095237,-0.20038276439047625
63,0.35,1000.0,650.0,350.0,65.0,35.0,81.2870923076923,186.35825714285716,0.4478917717502343,-0.2021082282497657
63,0.4,1000.0,600.0,400.0,60.0,40.0,78.86773333333333,176.8534,0.40093147958263314,-0.1990685204173668
63,0.45,1000.0,550.0,450.0,55.00000000000001,45.0,76.73485454545454,168.57295555555555,0.3572025843681832,-0.19279741563181685
64,0.05,1000.0,950.0,50.0,95.0,5.0,108.46726315789473,335.282,0.860684785836639,-0.08931521416336094
64,0.1,1000.0,900.0,100.0,90.0,10.0,101.66744444444444,283.073,0.7643135195485385,-0.13568648045146142
64,0.15,1000.0,850.0,150.0,85.0,15.0,96.6048,251.2928,0.6856927578796449,-0.1643072421203551
64,0.2,1000.0,800.0,200.0,80.0,20.0,92.3955875,229.45765,0.6176656269090345,-0.18233437309096556
64,0.25,1000.0,750.0,250.0,75.0,25.0,88.69388000000001,213.15036,0.5560197762211644,-0.19398022377883556
64,0.3,1000.0,700.0,300.0,70.0,30.0,85.44937142857142,199.97813333333332,0.5000206275115276,-0.1999793724884723
64,0.35,1000.0,650.0,350.0,65.0,35.0,82.66115384615385,188.795,0.44924141073790946,-0.2007585892620905
64,0.4,1000.0,600.0,400.0,60.0,40.0,80.15393333333333,179.2891,0.4015285558119585,-0.1984714441880415
64,0.45,1000.0,550.0,450.0,55.00000000000001,45.0,77.99010909090909,170.91875555555555,0.3579047535362503,-0.19209524646374973
65,0.05,1000.0,950.0,50.0,95.0,5.0,110.09067368421053,339.2772,0.8609744307542085,-0.08902556924579136
65,0.1,1000.0,900.0,100.0,90.0,10.0,103.23108888888888,286.4202,0.7649282139184173,-0.1350717860815828
65,0.15,1000.0,850.0,150.0,85.0,15.0,98.1530588235294,254.13266666666667,0.6868709795965446,-0.16312902040345537
65,0.2,1000.0,800.0,200.0,80.0,20.0,93.8824,232.2204,0.6186970629123649,-0.1813029370876351
65,0.25,1000.0,750.0,250.0,75.0,25.0,90.12266666666666,215.832,0.5570125572518743,-0.19298744274812576
65,0.3,1000.0,700.0,300.0,70.0,30.0,86.8409,202.5379,0.501058428420734,-0.19894157157926595
65,0.35,1000.0,650.0,350.0,65.0,35.0,83.97383076923077,191.33431428571427,0.4496431450098982,-0.2003568549901018
65,0.4,1000.0,600.0,400.0,60.0,40.0,81.44945,181.700825,0.40231839633467126,-0.19768160366532875
65,0.45,1000.0,550.0,450.0,55.00000000000001,45.0,79.25123636363637,173.2484888888889,0.3585888069075845,-0.19141119309241553
66,0.05,1000.0,950.0,50.0,95.0,5.0,111.76903157894736,342.1484,0.861845234985073,-0.08815476501492688
66,0.1,1000.0,900.0,100.0,90.0,10.0,104.77478888888889,289.9069,0.7653518369412411,-0.1346481630587589
66,0.15,1000.0,850.0,150.0,85.0,15.0,99.67630588235293,257.0876,0.6877236460600159,-0.16227635393998405
66,0.2,1000.0,800.0,200.0,80.0,20.0,95.33686250000001,235.09255000000002,0.619341878404395,-0.180658121595605
66,0.25,1000.0,750.0,250.0,75.0,25.0,91.56470666666667,218.45788000000002,0.5579175715487086,-0.19208242845129142
66,0.3,1000.0,700.0,300.0,70.0,30.0,88.22392857142857,205.10416666666669,0.501855623010114,-0.19814437698988605
66,0.35,1000.0,650.0,350.0,65.0,35.0,85.29116923076923,193.85354285714286,0.45031760953047595,-0.19968239046952407
66,0.4,1000.0,600.0,400.0,60.0,40.0,82.74268333333333,184.105975,0.4030334836929274,-0.19696651630707257
66,0.45,1000.0,550.0,450.0,55.00000000000001,45.0,80.50776363636363,175.57495555555556,0.3593015905684151,-0.19069840943158492
67,0.05,1000.0,950.0,50.0,95.0,5.0,113.3971052631579,345.895,0.8622023428332818,-0.08779765716671813
67,0.1,1000.0,900.0,100.0,90.0,10.0,106.33940000000001,293.16540000000003,0.7660064769483536,-0.13399352305164644
67,0.15,1000.0,850.0,150.0,85.0,15.0,101.18842352941175,260.07893333333334,0.6883695241263773,-0.16163047587362264
67,0.2,1000.0,800.0,200.0,80.0,20.0,96.8422375,237.74105,0.6203688061755581,-0.17963119382444198
67,0.25,1000.0,750.0,250.0,75.0,25.0,92.98857333333333,221.12228,0.5587639791894234,-0.19123602081057656
67,0.3,1000.0,700.0,300.0,70.0,30.0,89.58149999999999,207.71650000000002,0.5024299879973605,-0.19757001200263946
67,0.35,1000.0,650.0,350.0,65.0,35.0,86.64892307692307,196.28628571428573,0.4512516718049588,-0.1987483281950412
67,0.4,1000.0,600.0,400.0,60.0,40.0,84.01620000000001,186.5307,0.40348424248211756,-0.19651575751788244
67,0.45,1000.0,550.0,450.0,55.00000000000001,45.0,81.7568,177.90168888888888,0.3598762055337351,-0.19012379446626493
68,0.05,1000.0,950.0,50.0,95.0,5.0,115.00606315789473,349.9248,0.8624938532825424,-0.08750614671745759
68,0.1,1000.0,900.0,100.0,90.0,10.0,107.87575555555556,296.6382,0.766510233744878,-0.13348976625512196
68,0.15,1000.0,850.0,150.0,85.0,15.0,102.69674117647058,263.06513333333334,0.6892016614580837,-0.1607983385419163
68,0.2,1000.0,800.0,200.0,80.0,20.0,98.282225,240.6311,0.6210173519629927,-0.17898264803700736
68,0.25,1000.0,750.0,250.0,75.0,25.0,94.41985333333334,223.74844000000002,0.5597132175474224,-0.19028678245257755
68,0.3,1000.0,700.0,300.0,70.0,30.0,90.97812857142857,210.2243666666667,0.5034589978358042,-0.19654100216419576
68,0.35,1000.0,650.0,350.0,65.0,35.0,87.98072307692308,198.7558,0.45200956714804874,-0.19799043285195125
68,0.4,1000.0,600.0,400.0,60.0,40.0,85.31721666666667,188.904175,0.40421855791926103,-0.19578144208073886
68,0.45,1000.0,550.0,450.0,55.00000000000001,45.0,83.01592727272728,180.2072,0.36048736597575926,-0.1895126340242408
69,0.05,1000.0,950.0,50.0,95.0,5.0,116.6644,352.9364,0.8631635561586727,-0.08683644384132728
69,0.1,1000.0,900.0,100.0,90.0,10.0,109.44983333333333,299.73150000000004,0.7672672217449484,-0.13273277825505167
69,0.15,1000.0,850.0,150.0,85.0,15.0,104.20418823529411,266.0296,0.689910147292872,-0.16008985270712792
69,0.2,1000.0,800.0,200.0,80.0,20.0,99.74535,243.4086,0.6218304569492523,-0.17816954305074778
69,0.25,1000.0,750.0,250.0,75.0,25.0,95.82873333333333,226.4258,0.5603742085681008,-0.1896257914318992
69,0.3,1000.0,700.0,300.0,70.0,30.0,92.37977142857142,212.7072,0.5043910744805824,-0.19560892551941747
69,0.35,1000.0,650.0,350.0,65.0,35.0,89.32095384615384,201.19822857142856,0.452782640140723,-0.19721735985927705
69,0.4,1000.0,600.0,400.0,60.0,40.0,86.62753333333335,191.25369999999998,0.40506186176697206,-0.1949381382330279
69,0.45,1000.0,550.0,450.0,55.00000000000001,45.0,84.2818,182.49557777777775,0.36119429662427754,-0.18880570337572253
70,0.05,1000.0,950.0,50.0,95.0,5.0,118.31942105263158,355.931,0.8638642604639902,-0.0861357395360097
70,0.1,1000.0,900.0,100.0,90.0,10.0,110.9925,303.0675,0.7677225676983825,-0.13227743230161754
70,0.15,1000.0,850.0,150.0,85.0,15.0,105.67297647058824,269.18646666666666,0.6902946795847753,-0.1597053204152247
70,0.2,1000.0,800.0,200.0,80.0,20.0,101.2041625,246.18335,0.6224893144398973,-0.17751068556010274
70,0.25,1000.0,750.0,250.0,75.0,25.0,97.25401333333333,229.03796,0.5610926207394396,-0.18890737926056045
70,0.3,1000.0,700.0,300.0,70.0,30.0,93.73052857142856,215.29543333333334,0.5049211483527922,-0.19507885164720784
70,0.35,1000.0,650.0,350.0,65.0,35.0,90.65489230769232,203.64091428571427,0.45346669964049086,-0.19653330035950917
70,0.4,1000.0,600.0,400.0,60.0,40.0,87.91053333333333,193.6342,0.4057069735404458,-0.19429302645955418
70,0.45,1000.0,550.0,450.0,55.00000000000001,45.0,85.50367272727273,184.82884444444443,0.36143752433971266,-0.1885624756602874
71,0.05,1000.0,950.0,50.0,95.0,5.0,119.94221052631579,359.458,0.8642206134161655,-0.08577938658383444
71,0.1,1000.0,900.0,100.0,90.0,10.0,112.55527777777777,306.1825,0.7684190197676335,-0.1315809802323665
71,0.15,1000.0,850.0,150.0,85.0,15.0,107.1880588235294,272.0543333333333,0.691039213147007,-0.15896078685299295
71,0.2,1000.0,800.0,200.0,80.0,20.0,102.6876125,248.83955000000003,0.623445243451008,-0.176554756548992
71,0.25,1000.0,750.0,250.0,75.0,25.0,98.71445333333332,231.52864000000002,0.5623054516052148,-0.18769454839478525
71,0.3,1000.0,700.0,300.0,70.0,30.0,95.1257142857143,217.76666666666668,0.5058805694367893,-0.19411943056321068
71,0.35,1000.0,650.0,350.0,65.0,35.0,91.98736923076923,206.0748857142857,0.4542058821166906,-0.19579411788330942
71,0.4,1000.0,600.0,400.0,60.0,40.0,89.19648333333333,196.000275,0.4062630964946912,-0.19373690350530876
71,0.45,1000.0,550.0,450.0,55.00000000000001,45.0,86.7744,187.0935111111111,0.36212956348070463,-0.18787043651929536
72,0.05,1000.0,950.0,50.0,95.0,5.0,121.56487368421053,362.9074,0.8646814507572198,-0.08531854924278023
72,0.1,1000.0,900.0,100.0,90.0,10.0,114.10195555555556,309.4024,0.7689938898197621,-0.1310061101802379
72,0.15,1000.0,850.0,150.0,85.0,15.0,108.6777294117647,275.03953333333334,0.6916721383129014,-0.15832786168709856
72,0.2,1000.0,800.0,200.0,80.0,20.0,104.1559,251.5364,0.6242484800671086,-0.1757515199328914
72,0.25,1000.0,750.0,250.0,75.0,25.0,100.10229333333332,234.22112,0.5627197346745048,-0.18728026532549522
72,0.3,1000.0,700.0,300.0,70.0,30.0,96.48494285714285,220.30846666666667,0.5063665331062535,-0.19363346689374653
72,0.35,1000.0,650.0,350.0,65.0,35.0,93.32438461538463,208.489,0.4548820458066546,-0.19511795419334543
72,0.4,1000.0,600.0,400.0,60.0,40.0,90.50136666666667,198.32795000000002,0.4070147385638718,-0.19298526143612818
72,0.45,1000.0,550.0,450.0,55.00000000000001,45.0,88.04052727272727,189.3549111111111,0.36288347870984095,-0.1871165212901591
73,0.05,1000.0,950.0,50.0,95.0,5.0,123.19333684210527,366.1666,0.8651381904126015,-0.0848618095873984
73,0.1,1000.0,900.0,100.0,90.0,10.0,115.61927777777777,312.8465,0.7692592646734872,-0.1307407353265129
73,0.15,1000.0,850.0,150.0,85.0,15.0,110.20774117647059,277.7694666666667,0.692582926064154,-0.15741707393584606
73,0.2,1000.0,800.0,200.0,80.0,20.0,105.59694999999999,254.3222,0.624796178285783,-0.17520382171421697
73,0.25,1000.0,750.0,250.0,75.0,25.0,101.54871999999999,236.72184000000001,0.5637075178937618,-0.1862924821062381
73,0.3,1000.0,700.0,300.0,70.0,30.0,97.88167142857142,222.74943333333331,0.5072627985187084,-0.19273720148129164
73,0.35,1000.0,650.0,350.0,65.0,35.0,94.71433846153846,210.79337142857145,0.4561376525910963,-0.19386234740890376
73,0.4,1000.0,600.0,400.0,60.0,40.0,91.79709999999999,200.65935000000002,0.4076491042745276,-0.19235089572547237
73,0.45,1000.0,550.0,450.0,55.00000000000001,45.0,89.30305454545454,191.61182222222223,0.36350783783895557,-0.18649216216104444
74,0.05,1000.0,950.0,50.0,95.0,5.0,124.80764210526314,369.61480000000006,0.8655792877802699,-0.08442071221972998
74,0.1,1000.0,900.0,100.0,90.0,10.0,117.13824444444444,316.2358,0.7696150465662193,-0.13038495343378073
74,0.15,1000.0,850.0,150.0,85.0,15.0,111.64120000000001,281.0198666666667,0.6926712990803697,-0.15732870091963017
74,0.2,1000.0,800.0,200.0,80.0,20.0,107.050375,257.0385,0.6254965526025209,-0.17450344739747906
74,0.25,1000.0,750.0,250.0,75.0,25.0,102.96498666666666,239.29704,0.5644671848999792,-0.18553281510002084
74,0.3,1000.0,700.0,300.0,70.0,30.0,99.26864285714286,225.19983333333334,0.5081046141376635,-0.19189538586233648
74,0.35,1000.0,650.0,350.0,65.0,35.0,96.02073846153846,213.2414857142857,0.4565032333287131,-0.19349676667128693
74,0.4,1000.0,600.0,400.0,60.0,40.0,93.12678333333334,202.929825,0.4086532478086808,-0.19134675219131922
74,0.45,1000.0,550.0,450.0,55.00000000000001,45.0,90.54001818181818,193.89108888888887,0.36393815715523464,-0.18606184284476537
75,0.05,1000.0,950.0,50.0,95.0,5.0,126.43125263157896,372.80620000000005,0.8660187657098618,-0.08398123429013823
75,0.1,1000.0,900.0,100.0,90.0,10.0,118.69064444444444,319.2842,0.7702709850056231,-0.129729014994377
75,0.15,1000.0,850.0,150.0,85.0,15.0,113.17124705882354,283.69626666666665,0.6936572095904003,-0.1563427904095996
75,0.2,1000.0,800.0,200.0,80.0,20.0,108.5015,259.744,0.6261872390282197,-0.17381276097178033
75,0.25,1000.0,750.0,250.0,75.0,25.0,104.40950666666667,241.77148,0.5653669826886893,-0.1846330173113106
75,0.3,1000.0,700.0,300.0,70.0,30.0,100.6893,227.55830000000003,0.5091931985354403,-0.1908068014645596
75,0.35,1000.0,650.0,350.0,65.0,35.0,97.37015384615384,215.5982857142857,0.4573200662479445,-0.19267993375205553
75,0.4,1000.0,600.0,400.0,60.0,40.0,94.42426666666667,205.23860000000002,0.40928541085902453,-0.19071458914097544
75,0.45,1000.0,550.0,450.0,55.00000000000001,45.0,91.80969090909092,196.12148888888888,0.3646061033254436,-0.18539389667455652
76,0.05,1000.0,950.0,50.0,95.0,5.0,128.02138947368422,376.5536,0.8662835000158116,-0.08371649998418848
76,0.1,1000.0,900.0,100.0,90.0,10.0,120.22097777777778,322.4912,0.7707794558144687,-0.12922054418553128
76,0.15,1000.0,850.0,150.0,85.0,15.0,114.6478588235294,286.6488,0.6940922437647191,-0.15590775623528091
76,0.2,1000.0,800.0,200.0,80.0,20.0,109.96435,262.38259999999997,0.6269153476872361,-0.17308465231276393
76,0.25,1000.0,750.0,250.0,75.0,25.0,105.80137333333334,244.38788,0.5658804986537533,-0.18411950134624663
76,0.3,1000.0,700.0,300.0,70.0,30.0,102.06835714285715,230.0005,0.5098890532605739,-0.19011094673942605
76,0.35,1000.0,650.0,350.0,65.0,35.0,98.72427692307693,217.93491428571429,0.45813234514503287,-0.19186765485496715
76,0.4,1000.0,600.0,400.0,60.0,40.0,95.71706666666667,207.5444,0.4098951493742778,-0.1901048506257222
76,0.45,1000.0,550.0,450.0,55.00000000000001,45.0,93.07598181818183,198.34713333333332,0.3651986135527473,-0.18480138644725272
77,0.05,1000.0,950.0,50.0,95.0,5.0,129.65062105263158,379.4782,0.8667756650369063,-0.08322433496309371
77,0.1,1000.0,900.0,100.0,90.0,10.0,121.78774444444446,325.33029999999997,0.7715500602628121,-0.12844993973718788
77,0.15,1000.0,850.0,150.0,85.0,15.0,116.16225882352941,289.3605333333333,0.6949651988492004,-0.15503480115079968
77,0.2,1000.0,800.0,200.0,80.0,20.0,111.4428125,264.93875,0.6277307914420353,-0.1722692085579648
77,0.25,1000.0,750.0,250.0,75.0,25.0,107.19645333333334,246.97864,0.5663444243445793,-0.18365557565542065
77,0.3,1000.0,700.0,300.0,70.0,30.0,103.44052857142857,232.44543333333334,0.5106185271262107,-0.1893814728737892
77,0.35,1000.0,650.0,350.0,65.0,35.0,100.02366153846155,220.36177142857142,0.45856900525244915,-0.19143099474755088
77,0.4,1000.0,600.0,400.0,60.0,40.0,97.02741666666667,209.813875,0.4105757035758936,-0.18942429642410638
77,0.45,1000.0,550.0,450.0,55.00000000000001,45.0,94.33918181818183,200.56766666666667,0.36583033612941224,-0.18416966387058778
78,0.05,1000.0,950.0,50.0,95.0,5.0,131.26982105263158,382.5134,0.8673229618741258,-0.08267703812587415
78,0.1,1000.0,900.0,100.0,90.0,10.0,123.28853333333332,328.7232,0.7717811922646909,-0.12821880773530916
78,0.15,1000.0,850.0,150.0,85.0,15.0,117.62309411764706,292.3491333333333,0.6952970303595057,-0.15470296964049418
78,0.2,1000.0,800.0,200.0,80.0,20.0,112.85905000000001,267.7238,0.6281281234760174,-0.17187187652398264
78,0.25,1000.0,750.0,250.0,75.0,25.0,108.64466666666667,249.394,0.5673954575971687,-0.1826045424028313
78,0.3,1000.0,700.0,300.0,70.0,30.0,104.8236,234.8516,0.5113714430976658,-0.1886285569023342
78,0.35,1000.0,650.0,350.0,65.0,35.0,101.43504615384616,222.5692,0.459754033842294,-0.19024596615770598
78,0.4,1000.0,600.0,400.0,60.0,40.0,98.31896666666667,212.10154999999997,0.4112223341736204,-0.18877766582637956
78,0.45,1000.0,550.0,450.0,55.00000000000001,45.0,95.58761818181819,202.79735555555555,0.36628827061708513,-0.18371172938291486
79,0.05,1000.0,950.0,50.0,95.0,5.0,132.87469473684212,385.74080000000004,0.8677360679368114,-0.08226393206318856
79,0.1,1000.0,900.0,100.0,90.0,10.0,124.8374888888889,331.6426,0.7724835487809742,-0.12751645121902577
79,0.15,1000.0,850.0,150.0,85.0,15.0,119.05902352941177,295.4522,0.6955825823362867,-0.1544174176637134
79,0.2,1000.0,800.0,200.0,80.0,20.0,114.31991249999999,270.31034999999997,0.6289987680604208,-0.17100123193957928
79,0.25,1000.0,750.0,250.0,75.0,25.0,110.04594666666667,251.93416000000002,0.5679933401410444,-0.1820066598589556
79,0.3,1000.0,700.0,300.0,70.0,30.0,106.21447142857143,237.22623333333334,0.5120650063888572,-0.18793499361114271
79,0.35,1000.0,650.0,350.0,65.0,35.0,102.76112307692307,224.92362857142857,0.46033534818781036,-0.18966465181218964
79,0.4,1000.0,600.0,400.0,60.0,40.0,99.62651666666666,214.355225,0.41192430190928486,-0.18807569809071512
79,0.45,1000.0,550.0,450.0,55.00000000000001,45.0,96.83881818181818,205.0147777777778,0.3667606008416844,-0.18323939915831566
80,0.05,1000.0,950.0,50.0,95.0,5.0,134.50686315789474,388.3696,0.8683182683598355,-0.08168173164016448
80,0.1,1000.0,900.0,100.0,90.0,10.0,126.35167777777778,334.8349,0.7728899214834634,-0.12711007851653666
80,0.15,1000.0,850.0,150.0,85.0,15.0,120.55335294117647,298.1976666666667,0.6962260801000297,-0.15377391989997016
80,0.2,1000.0,800.0,200.0,80.0,20.0,115.7581625,272.96735,0.6295582504675816,-0.17044174953241842
80,0.25,1000.0,750.0,250.0,75.0,25.0,111.50110666666667,254.29668,0.5690842435467913,-0.18091575645320873
80,0.3,1000.0,700.0,300.0,70.0,30.0,107.59877142857144,239.60286666666667,0.5129424547820114,-0.1870575452179885
80,0.35,1000.0,650.0,350.0,65.0,35.0,104.08375384615385,227.2730285714286,0.46091171146956644,-0.18908828853043358
80,0.4,1000.0,600.0,400.0,60.0,40.0,100.92475,216.61287499999997,0.41255859139774487,-0.1874414086022551
80,0.45,1000.0,550.0,450.0,55.00000000000001,45.0,98.12352727272727,207.18235555555555,0.36756230141887386,-0.1824376985811262
81,0.05,1000.0,950.0,50.0,95.0,5.0,136.0788,392.0628,0.8684721217340885,-0.0815278782659114
81,0.1,1000.0,900.0,100.0,90.0,10.0,127.84129999999999,338.2083,0.7729936781215995,-0.12700632187840066
81,0.15,1000.0,850.0,150.0,85.0,15.0,122.01914117647058,301.0782,0.6968466401475493,-0.15315335985245068
81,0.2,1000.0,800.0,200.0,80.0,20.0,117.22055,275.5078,0.6303831952557356,-0.16961680474426444
81,0.25,1000.0,750.0,250.0,75.0,25.0,112.8968,256.8216,0.5696011779078521,-0.1803988220921479
81,0.3,1000.0,700.0,300.0,70.0,30.0,108.98461428571429,241.96256666666667,0.5136064974048083,-0.18639350259519158
81,0.35,1000.0,650.0,350.0,65.0,35.0,105.41718461538461,229.59094285714286,0.46153464651378134,-0.18846535348621862
81,0.4,1000.0,600.0,400.0,60.0,40.0,102.24045,218.83432499999998,0.41322978779415537,-0.1867702122058446
81,0.45,1000.0,550.0,450.0,55.00000000000001,45.0,99.39074545454545,209.36242222222222,0.36812362885325156,-0.18187637114674848
82,0.05,1000.0,950.0,50.0,95.0,5.0,137.6754,395.2074,0.8688786067810406,-0.08112139321895938
82,0.1,1000.0,900.0,100.0,90.0,10.0,129.40106666666668,340.9104,0.773863179538541,-0.126136820461459
82,0.15,1000.0,850.0,150.0,85.0,15.0,123.48638823529413,303.9238,0.6972913234185099,-0.1527086765814901
82,0.2,1000.0,800.0,200.0,80.0,20.0,118.67694999999999,278.0522,0.6310201635063636,-0.16897983649363646
82,0.25,1000.0,750.0,250.0,75.0,25.0,114.32254666666668,259.24036,0.5703783548928808,-0.17962164510711923
82,0.3,1000.0,700.0,300.0,70.0,30.0,110.35222857142857,244.35146666666668,0.51427763308255,-0.1857223669174499
82,0.35,1000.0,650.0,350.0,65.0,35.0,106.77123076923077,231.85914285714287,0.46236183365007605,-0.18763816634992403
82,0.4,1000.0,600.0,400.0,60.0,40.0,103.52668333333332,221.089975,0.4137883704907608,-0.1862116295092392
82,0.45,1000.0,550.0,450.0,55.00000000000001,45.0,100.65449090909091,211.53784444444446,0.36869462703439176,-0.1813053729656083
83,0.05,1000.0,950.0,50.0,95.0,5.0,139.26584210526318,398.389,0.8692232917844368,-0.08077670821556314
83,0.1,1000.0,900.0,100.0,90.0,10.0,130.88639999999998,344.2424,0.774094049314022,-0.12590595068597799
83,0.15,1000.0,850.0,150.0,85.0,15.0,124.99770588235295,306.493,0.6981123934600048,-0.15188760653999522
83,0.2,1000.0,800.0,200.0,80.0,20.0,120.0965875,280.72365,0.631472063342882,-0.16852793665711807
83,0.25,1000.0,750.0,250.0,75.0,25.0,115.74209333333334,261.66172,0.5711228544764492,-0.17887714552355083
83,0.3,1000.0,700.0,300.0,70.0,30.0,111.70787142857144,246.75496666666666,0.5148112266115333,-0.18518877338846662
83,0.35,1000.0,650.0,350.0,65.0,35.0,108.10427692307692,234.15491428571428,0.4630043183356434,-0.18699568166435662
83,0.4,1000.0,600.0,400.0,60.0,40.0,104.86455,223.25817500000002,0.4146261229196266,-0.18537387708037342
83,0.45,1000.0,550.0,450.0,55.00000000000001,45.0,101.9197090909091,213.70257777777778,0.36931619282536393,-0.18068380717463609
84,0.05,1000.0,950.0,50.0,95.0,5.0,140.87843157894736,401.06980000000004,0.8698224835930004,-0.08017751640699954
84,0.1,1000.0,900.0,100.0,90.0,10.0,132.4377111111111,346.94059999999996,0.7748061590608549,-0.12519384093914518
84,0.15,1000.0,850.0,150.0,85.0,15.0,126.42188235294117,309.52933333333334,0.6983099305970538,-0.15169006940294621
84,0.2,1000.0,800.0,200.0,80.0,20.0,121.45387500000001,283.6245,0.6315766303884167,-0.16842336961158325
84,0.25,1000.0,750.0,250.0,75.0,25.0,117.131,264.159,0.5716260116338946,-0.17837398836610543
84,0.3,1000.0,700.0,300.0,70.0,30.0,113.12077142857143,249.01153333333332,0.5156915734297162,-0.1843084265702837
84,0.35,1000.0,650.0,350.0,65.0,35.0,109.47623076923077,236.36700000000002,0.46386182886617716,-0.18613817113382286
84,0.4,1000.0,600.0,400.0,60.0,40.0,106.17416666666666,225.45875,0.41536261453315,-0.18463738546684996
84,0.45,1000.0,550.0,450.0,55.00000000000001,45.0,103.20107272727273,215.8386888888889,0.3699502605113063,-0.18004973948869374
85,0.05,1000.0,950.0,50.0,95.0,5.0,142.45395789473685,404.37480000000005,0.8700757891559234,-0.07992421084407654
85,0.1,1000.0,900.0,100.0,90.0,10.0,133.90194444444444,350.3825,0.7748862758163471,-0.12511372418365294
85,0.15,1000.0,850.0,150.0,85.0,15.0,127.89251764705882,312.27573333333333,0.6989484076741878,-0.1510515923258123
85,0.2,1000.0,800.0,200.0,80.0,20.0,122.93186250000001,286.02255,0.6323925817175602,-0.1676074182824398
85,0.25,1000.0,750.0,250.0,75.0,25.0,118.5188,266.6436,0.5721469029779442,-0.17785309702205582
85,0.3,1000.0,700.0,300.0,70.0,30.0,114.48719999999999,251.3632,0.5163409867175112,-0.18365901328248882
85,0.35,1000.0,650.0,350.0,65.0,35.0,110.81758461538462,238.62448571428573,0.46450386141307576,-0.18549613858692424
85,0.4,1000.0,600.0,400.0,60.0,40.0,107.46601666666668,227.675975,0.4158844573275962,-0.18411554267240374
85,0.45,1000.0,550.0,450.0,55.00000000000001,45.0,104.44052727272727,218.01713333333333,0.37035354265254944,-0.17964645734745063
86,0.05,1000.0,950.0,50.0,95.0,5.0,144.04947368421054,407.22,0.870516483207052,-0.07948351679294804
86,0.1,1000.0,900.0,100.0,90.0,10.0,135.45371111111112,352.99660000000006,0.7756480566621308,-0.12435194333786924
86,0.15,1000.0,850.0,150.0,85.0,15.0,129.35069411764707,315.06606666666664,0.6993860977960427,-0.1506139022039573
86,0.2,1000.0,800.0,200.0,80.0,20.0,124.33959999999999,288.6816,0.6329205662520793,-0.1670794337479208
86,0.25,1000.0,750.0,250.0,75.0,25.0,119.91630666666666,269.08308,0.5726968110280053,-0.1773031889719947
86,0.3,1000.0,700.0,300.0,70.0,30.0,115.85937142857144,253.68813333333333,0.5169012964420311,-0.18309870355796887
86,0.35,1000.0,650.0,350.0,65.0,35.0,112.13718461538461,240.91094285714289,0.46503477274203786,-0.18496522725796216
86,0.4,1000.0,600.0,400.0,60.0,40.0,108.78455,229.843175,0.41660043985893935,-0.18339956014106062
86,0.45,1000.0,550.0,450.0,55.00000000000001,45.0,105.76556363636364,220.0820888888889,0.37134268923621333,-0.17865731076378671
87,0.05,1000.0,950.0,50.0,95.0,5.0,145.59546315789473,410.92620000000005,0.8705852278187999,-0.0794147721812001
87,0.1,1000.0,900.0,100.0,90.0,10.0,136.94746666666666,356.0928,0.7759807709984046,-0.12401922900159544
87,0.15,1000.0,850.0,150.0,85.0,15.0,130.7858705882353,317.9600666666667,0.6996589110756355,-0.15034108892436443
87,0.2,1000.0,800.0,200.0,80.0,20.0,125.751775,291.3029,0.63336956427124,-0.16663043572876007
87,0.25,1000.0,750.0,250.0,75.0,25.0,121.30226666666667,271.5412,0.5732997158285582,-0.17670028417144185
87,0.3,1000.0,700.0,300.0,70.0,30.0,117.2826,255.88060000000002,0.5180267836201994,-0.18197321637980055
87,0.35,1000.0,650.0,350.0,65.0,35.0,113.48238461538462,243.13842857142856,0.46567671567761315,-0.18432328432238684
87,0.4,1000.0,600.0,400.0,60.0,40.0,110.03911666666667,232.096325,0.4168982889301615,-0.18310171106983847
87,0.45,1000.0,550.0,450.0,55.00000000000001,45.0,107.02207272727273,222.22191111111113,0.3718622688090452,-0.17813773119095486
88,0.05,1000.0,950.0,50.0,95.0,5.0,147.20914736842104,413.2662,0.8711955017192264,-0.0788044982807735
88,0.1,1000.0,900.0,100.0,90.0,10.0,138.41272222222221,359.4055,0.7760955386245173,-0.12390446137548268
88,0.15,1000.0,850.0,150.0,85.0,15.0,132.24297647058825,320.7031333333333,0.7002786166733402,-0.14972138332665977
88,0.2,1000.0,800.0,200.0,80.0,20.0,127.20195,293.7522,0.6340487424712858,-0.16595125752871415
88,0.25,1000.0,750.0,250.0,75.0,25.0,122.72458666666667,273.87424,0.5740450835230669,-0.17595491647693304
88,0.3,1000.0,700.0,300.0,70.0,30.0,118.63505714285715,258.2248666666667,0.5185945605133477,-0.1814054394866522
88,0.35,1000.0,650.0,350.0,65.0,35.0,114.8411846153846,245.3292285714286,0.4663778680222891,-0.1836221319777109
88,0.4,1000.0,600.0,400.0,60.0,40.0,111.37006666666666,234.22490000000002,0.41765906854767976,-0.18234093145232022
88,0.45,1000.0,550.0,450.0,55.00000000000001,45.0,108.2810909090909,224.34977777777777,0.37234565160560246,-0.17765434839439764
89,0.05,1000.0,950.0,50.0,95.0,5.0,148.79343157894738,416.08480000000003,0.8716221524884209,-0.07837784751157911
89,0.1,1000.0,900.0,100.0,90.0,10.0,139.94107777777776,362.1103,0.7766943319296545,-0.12330566807034544
89,0.15,1000.0,850.0,150.0,85.0,15.0,133.67550588235292,323.5588,0.7005268428221535,-0.14947315717784654
89,0.2,1000.0,800.0,200.0,80.0,20.0,128.64585,296.2066,0.6347123180878336,-0.1652876819121665
89,0.25,1000.0,750.0,250.0,75.0,25.0,124.06652,276.43244,0.5741800411218875,-0.17581995887811253
89,0.3,1000.0,700.0,300.0,70.0,30.0,119.99771428571428,260.532,0.519064623048354,-0.18093537695164602
89,0.35,1000.0,650.0,350.0,65.0,35.0,116.16103076923076,247.58094285714287,0.46696128886232524,-0.1830387111376748
89,0.4,1000.0,600.0,400.0,60.0,40.0,112.68635,236.365475,0.4184009769544714,-0.18159902304552855
89,0.45,1000.0,550.0,450.0,55.00000000000001,45.0,109.53114545454545,226.4797111111111,0.372771747115724,-0.17722825288427604
90,0.05,1000.0,950.0,50.0,95.0,5.0,150.35474736842104,419.25980000000004,0.8718859914482334,-0.07811400855176656
90,0.1,1000.0,900.0,100.0,90.0,10.0,141.43996666666666,365.0403,0.7771644252649834,-0.12283557473501666
90,0.15,1000.0,850.0,150.0,85.0,15.0,135.1356823529412,326.23113333333333,0.7011299372259738,-0.14887006277402615
90,0.2,1000.0,800.0,200.0,80.0,20.0,130.06008749999998,298.75965,0.635207064958597,-0.16479293504140297
90,0.25,1000.0,750.0,250.0,75.0,25.0,125.50985333333334,278.67044000000004,0.5751228335942542,-0.17487716640574583
90,0.3,1000.0,700.0,300.0,70.0,30.0,121.36137142857143,262.82346666666666,0.5196402949494927,-0.1803597050505073
90,0.35,1000.0,650.0,350.0,65.0,35.0,117.50947692307693,249.7681142857143,0.46764075281573225,-0.18235924718426777
90,0.4,1000.0,600.0,400.0,60.0,40.0,114.02828333333333,238.457575,0.419186430572125,-0.18081356942787497
90,0.45,1000.0,550.0,450.0,55.00000000000001,45.0,110.81674545454545,228.55731111111112,0.3734767855962198,-0.17652321440378027
91,0.05,1000.0,950.0,50.0,95.0,5.0,151.91956842105262,422.2882,0.8722225306858526,-0.07777746931414731
91,0.1,1000.0,900.0,100.0,90.0,10.0,142.92616666666666,368.04449999999997,0.7774899264542513,-0.12251007354574865
91,0.15,1000.0,850.0,150.0,85.0,15.0,136.59015294117648,328.90913333333333,0.701576601948107,-0.14842339805189303
91,0.2,1000.0,800.0,200.0,80.0,20.0,131.412825,301.5387,0.6353412758094911,-0.164658724190509
91,0.25,1000.0,750.0,250.0,75.0,25.0,126.87316000000001,281.13252,0.5755231950660247,-0.17447680493397535
91,0.3,1000.0,700.0,300.0,70.0,30.0,122.7098,265.13713333333334,0.5201754869643733,-0.17982451303562658
91,0.35,1000.0,650.0,350.0,65.0,35.0,118.84507692307692,251.9677142857143,0.4683155895109848,-0.18168441048901524
91,0.4,1000.0,600.0,400.0,60.0,40.0,115.27723333333333,240.67915000000002,0.41940941350229133,-0.18059058649770868
91,0.45,1000.0,550.0,450.0,55.00000000000001,45.0,112.09672727272728,230.63288888888889,0.3741078712791265,-0.1758921287208736
92,0.05,1000.0,950.0,50.0,95.0,5.0,153.50777894736842,424.79220000000004,0.8726976917292536,-0.07730230827074636
92,0.1,1000.0,900.0,100.0,90.0,10.0,144.44437777777776,370.7206,0.7781065700659606,-0.12189342993403943
92,0.15,1000.0,850.0,150.0,85.0,15.0,138.00001176470587,331.81326666666666,0.7018051471270813,-0.1481948528729186
92,0.2,1000.0,800.0,200.0,80.0,20.0,132.843825,303.98470000000003,0.6360163858701976,-0.1639836141298024
92,0.25,1000.0,750.0,250.0,75.0,25.0,128.3148666666667,283.3434,0.5764669292277899,-0.17353307077221014
92,0.3,1000.0,700.0,300.0,70.0,30.0,124.07661428571427,267.39456666666666,0.5207150344772026,-0.17928496552279732
92,0.35,1000.0,650.0,350.0,65.0,35.0,120.2026,254.11517142857141,0.46905043635892,-0.18094956364108003
92,0.4,1000.0,600.0,400.0,60.0,40.0,116.56905,242.82642499999997,0.41998940921736994,-0.18001059078263001
92,0.45,1000.0,550.0,450.0,55.00000000000001,45.0,113.34927272727273,232.7331111111111,0.37449882566674203,-0.17550117433325801
93,0.05,1000.0,950.0,50.0,95.0,5.0,155.05433684210527,428.0076,0.8728948668761006,-0.07710513312389933
93,0.1,1000.0,900.0,100.0,90.0,10.0,145.9551111111111,373.42400000000004,0.7786417141196739,-0.12135828588032613
93,0.15,1000.0,850.0,150.0,85.0,15.0,139.43601176470588,334.5426,0.7022598905055254,-0.14774010949447458
93,0.2,1000.0,800.0,200.0,80.0,20.0,134.27265,306.4194,0.6365320913067698,-0.16346790869323027
93,0.25,1000.0,750.0,250.0,75.0,25.0,129.6594,285.8298,0.5766962762128771,-0.17330372378712283
93,0.3,1000.0,700.0,300.0,70.0,30.0,125.3982,269.7442,0.521046168197374,-0.1789538318026259
93,0.35,1000.0,650.0,350.0,65.0,35.0,121.53049230769231,256.30622857142856,0.46952228782914135,-0.1804777121708587
93,0.4,1000.0,600.0,400.0,60.0,40.0,117.92838333333333,244.862425,0.4209393137366551,-0.17906068626334484
93,0.45,1000.0,550.0,450.0,55.00000000000001,45.0,114.64116363636363,234.77635555555557,0.3751934499181831,-0.17480655008181695
94,0.05,1000.0,950.0,50.0,95.0,5.0,156.65425263157894,430.12919999999997,0.8735430719551234,-0.07645692804487657
94,0.1,1000.0,900.0,100.0,90.0,10.0,147.42252222222223,376.4773,0.7788905203020293,-0.1211094796979707
94,0.15,1000.0,850.0,150.0,85.0,15.0,140.87923529411765,337.20433333333335,0.702742231318358,-0.14725776868164206
94,0.2,1000.0,800.0,200.0,80.0,20.0,135.6445125,309.06195,0.6367976839457025,-0.16320231605429758
94,0.25,1000.0,750.0,250.0,75.0,25.0,131.04298666666668,288.18304,0.5772481957646893,-0.17275180423531072
94,0.3,1000.0,700.0,300.0,70.0,30.0,126.81232857142857,271.86456666666663,0.5219599053515642,-0.17804009464843573
94,0.35,1000.0,650.0,350.0,65.0,35.0,122.8454153846154,258.50994285714285,0.47002464943416533,-0.17997535056583466
94,0.4,1000.0,600.0,400.0,60.0,40.0,119.20043333333334,247.01935,0.42131555843435897,-0.17868444156564098
94,0.45,1000.0,550.0,450.0,55.00000000000001,45.0,115.88425454545455,236.87035555555553,0.3755562329779733,-0.17444376702202674
95,0.05,1000.0,950.0,50.0,95.0,5.0,158.20343157894737,433.13480000000004,0.8738119092360046,-0.0761880907639954
95,0.1,1000.0,900.0,100.0,90.0,10.0,148.89357777777778,379.45779999999996,0.7791751878994507,-0.12082481210054925
95,0.15,1000.0,850.0,150.0,85.0,15.0,142.31152941176472,339.9013333333333,0.7031591584690546,-0.14684084153094526
95,0.2,1000.0,800.0,200.0,80.0,20.0,137.0472375,311.56105,0.6373691229089126,-0.16263087709108748
95,0.25,1000.0,750.0,250.0,75.0,25.0,132.45051999999998,290.44844,0.5780140787484506,-0.17198592125154943
95,0.3,1000.0,700.0,300.0,70.0,30.0,128.15047142857145,274.14889999999997,0.5224062300096061,-0.17759376999039383
95,0.35,1000.0,650.0,350.0,65.0,35.0,124.21298461538461,260.60445714285714,0.4707719863296363,-0.17922801367036376
95,0.4,1000.0,600.0,400.0,60.0,40.0,120.55988333333333,249.03517499999998,0.42228057513399775,-0.1777194248660022
95,0.45,1000.0,550.0,450.0,55.00000000000001,45.0,117.17858181818181,238.89284444444445,0.37633179336517275,-0.1736682066348273
96,0.05,1000.0,950.0,50.0,95.0,5.0,159.7320947368421,436.4502,0.8739036782554573,-0.07609632174454259
96,0.1,1000.0,900.0,100.0,90.0,10.0,150.39223333333334,382.1499,0.7796158412765274,-0.12038415872347265
96,0.15,1000.0,850.0,150.0,85.0,15.0,143.765,342.45166666666665,0.7036836867808645,-0.14631631321913555
96,0.2,1000.0,800.0,200.0,80.0,20.0,138.475675,313.9373,0.6380186346852983,-0.1619813653147018
96,0.25,1000.0,750.0,250.0,75.0,25.0,133.79095999999998,292.89912,0.5782405740767725,-0.1717594259232274
96,0.3,1000.0,700.0,300.0,70.0,30.0,129.58851428571427,276.1868,0.5234197842740498,-0.17658021572595023
96,0.35,1000.0,650.0,350.0,65.0,35.0,125.55544615384615,262.7341714285714,0.47150076005556746,-0.17849923994443256
96,0.4,1000.0,600.0,400.0,60.0,40.0,121.82475000000001,251.182875,0.42260959135525866,-0.17739040864474132
96,0.45,1000.0,550.0,450.0,55.00000000000001,45.0,118.43085454545455,240.95784444444445,0.37678834094507835,-0.1732116590549217
97,0.05,1000.0,950.0,50.0,95.0,5.0,161.28322105263157,439.25879999999995,0.874264607298316,-0.07573539270168399
97,0.1,1000.0,900.0,100.0,90.0,10.0,151.8580777777778,385.0973,0.7799837197819279,-0.12001628021807209
97,0.15,1000.0,850.0,150.0,85.0,15.0,145.1732588235294,345.23153333333335,0.7040321247903246,-0.1459678752096754
97,0.2,1000.0,800.0,200.0,80.0,20.0,139.840275,316.5489,0.6381930851961949,-0.16180691480380513
97,0.25,1000.0,750.0,250.0,75.0,25.0,135.15514666666667,295.26256,0.5786813663607869,-0.17131863363921312
97,0.3,1000.0,700.0,300.0,70.0,30.0,130.86314285714286,278.5926666666667,0.5234795690258782,-0.17652043097412176
97,0.35,1000.0,650.0,350.0,65.0,35.0,126.86963076923077,264.90497142857146,0.4719084884687602,-0.1780915115312398
97,0.4,1000.0,600.0,400.0,60.0,40.0,123.15808333333332,253.217875,0.42332505628930933,-0.17667494371069067
97,0.45,1000.0,550.0,450.0,55.00000000000001,45.0,119.73685454545455,242.9482888888889,0.3774820579480477,-0.1725179420519524
98,0.05,1000.0,950.0,50.0,95.0,5.0,162.85232631578947,441.6458,0.8747051375690998,-0.07529486243090022
98,0.1,1000.0,900.0,100.0,90.0,10.0,153.3040111111111,388.1839,0.7800977550829725,-0.11990224491702753
98,0.15,1000.0,850.0,150.0,85.0,15.0,146.55421176470588,348.1394666666667,0.7040388267944827,-0.1459611732055172
98,0.2,1000.0,800.0,200.0,80.0,20.0,141.2461125,318.97555,0.6387518905235964,-0.1612481094764037
98,0.25,1000.0,750.0,250.0,75.0,25.0,136.50704,297.64688,0.5789434113721498,-0.17105658862785028
98,0.3,1000.0,700.0,300.0,70.0,30.0,132.22925714285714,280.7717333333333,0.5240933420776744,-0.1759066579223255
98,0.35,1000.0,650.0,350.0,65.0,35.0,128.23127692307693,266.9762,0.47265241646254913,-0.1773475835374509
98,0.4,1000.0,600.0,400.0,60.0,40.0,124.41873333333334,255.3519,0.42367118761377137,-0.17632881238622858
98,0.45,1000.0,550.0,450.0,55.00000000000001,45.0,120.94901818181818,245.04453333333333,0.37766856239082985,-0.1723314376091702
99,0.05,1000.0,950.0,50.0,95.0,5.0,164.40552631578947,444.255,0.8750352500394447,-0.07496474996055516
99,0.1,1000.0,900.0,100.0,90.0,10.0,154.7765111111111,390.9914,0.7804491100564929,-0.11955088994350714
99,0.15,1000.0,850.0,150.0,85.0,15.0,147.9580588235294,350.89099999999996,0.7043541193968043,-0.14564588060319572
99,0.2,1000.0,800.0,200.0,80.0,20.0,142.6057125,321.56715,0.6389546335739926,-0.16104536642600745
99,0.25,1000.0,750.0,250.0,75.0,25.0,137.90597333333332,299.87408,0.579686873955639,-0.1703131260443609
99,0.3,1000.0,700.0,300.0,70.0,30.0,133.55545714285714,283.0306,0.5245546716368171,-0.1754453283631828
99,0.35,1000.0,650.0,350.0,65.0,35.0,129.55863076923077,269.09968571428567,0.4731684779685274,-0.1768315220314726
99,0.4,1000.0,600.0,400.0,60.0,40.0,125.77291666666666,257.335625,0.4245062922630155,-0.1754937077369845
99,0.45,1000.0,550.0,450.0,55.00000000000001,45.0,122.23992727272727,247.03564444444444,0.3783491477158162,-0.17165085228418386
100,0.05,1000.0,950.0,50.0,95.0,5.0,165.94284210526314,447.086,0.8753166379292081,-0.07468336207079185
100,0.1,1000.0,900.0,100.0,90.0,10.0,156.22896666666668,393.9393,0.7807258662646429,-0.11927413373535713
100,0.15,1000.0,850.0,150.0,85.0,15.0,149.36076470588236,353.6223333333333,0.7046652225806515,-0.14533477741934853
100,0.2,1000.0,800.0,200.0,80.0,20.0,143.9966125,324.01355,0.6394161952539651,-0.16058380474603495
100,0.25,1000.0,750.0,250.0,75.0,25.0,139.28645333333333,302.14063999999996,0.5802405524480881,-0.16975944755191186
100,0.3,1000.0,700.0,300.0,70.0,30.0,134.95408571428572,285.1071333333333,0.5254511635300134,-0.17454883646998648
100,0.35,1000.0,650.0,350.0,65.0,35.0,130.8946769230769,271.1956,0.4738426904913949,-0.17615730950860514
100,0.4,1000.0,600.0,400.0,60.0,40.0,127.06848333333333,259.39727500000004,0.42504077947607166,-0.17495922052392834
100,0.45,1000.0,550.0,450.0,55.00000000000001,45.0,123.52421818181818,249.02595555555556,0.37895520227143664,-0.17104479772856343
